Player,Team,G,GLS,GPG,AST,APG,BLK,BPG,+ / -,+/- PG,CMP,CPG,CMP %,PP,PPG,RY,RYG,TY,TYG
Paul Arters,Chicago Union,7,13,1.86,22,3.14,2,0.29,33,4.71,131,18.71,97.8,123,17.57,1064,152,1433,205
Pawel Janas,Chicago Union,10,10,1.0,45,4.5,2,0.2,44,4.4,437,43.7,97.3,172,17.2,1632,163,3719,372
Ross Barker,Chicago Union,9,29,3.22,19,2.11,0,0.0,38,4.22,159,17.67,95.2,165,18.33,2085,232,830,92
Drew Swanson,Chicago Union,7,6,0.86,1,0.14,18,2.57,24,3.43,13,1.86,100.0,121,17.29,317,45,17,2
Kurt Gibson,Chicago Union,3,2,0.67,6,2.0,2,0.67,10,3.33,58,19.33,100.0,51,17.0,182,61,267,89
Keegan North,Chicago Union,7,12,1.71,18,2.57,2,0.29,22,3.14,140,20.0,95.2,119,17.0,781,112,1031,147
Nate Goff,Chicago Union,10,12,1.2,10,1.0,14,1.4,30,3.0,82,8.2,97.6,200,20.0,877,88,379,38
Jeff Weis,Chicago Union,1,5,5.0,0,0.0,0,0.0,3,3.0,19,19.0,90.5,16,16.0,224,224,42,42
Eli Artemakis,Chicago Union,8,15,1.88,6,0.75,1,0.13,21,2.63,74,9.25,98.7,111,13.88,1386,173,210,26
Danny Miller,Chicago Union,2,2,1.0,3,1.5,0,0.0,5,2.5,15,7.5,100.0,19,9.5,235,118,107,54
Pat Shriwise,Chicago Union,7,14,2.0,10,1.43,1,0.14,17,2.43,184,26.29,97.9,113,16.14,1118,160,976,139
Tim Schoch,Chicago Union,7,6,0.86,10,1.43,2,0.29,16,2.29,127,18.14,99.2,121,17.29,79,11,818,117
Peter Graffy,Chicago Union,4,2,0.5,6,1.5,4,1.0,8,2.0,71,17.75,94.7,72,18.0,307,77,468,117
Jeremy Burril,Chicago Union,10,14,1.4,10,1.0,1,0.1,18,1.8,106,10.6,96.4,131,13.1,912,91,631,63
Jason Vallee,Chicago Union,9,7,0.78,11,1.22,5,0.56,16,1.78,95,10.56,95.0,153,17.0,406,45,354,39
Jack Shanahan,Chicago Union,4,9,2.25,3,0.75,2,0.5,7,1.75,34,8.5,85.0,62,15.5,404,101,263,66
Nico Lake,Chicago Union,7,7,1.0,8,1.14,1,0.14,12,1.71,209,29.86,98.6,100,14.29,488,70,1329,190
Matt Jaffe,Chicago Union,4,1,0.25,3,0.75,2,0.5,6,1.5,37,9.25,100.0,52,13.0,154,39,134,34
Cal Tornabene,Chicago Union,8,3,0.38,2,0.25,7,0.88,11,1.38,29,3.63,96.7,121,15.13,236,30,46,6
Michael Pardo,Chicago Union,4,8,2.0,2,0.5,0,0.0,5,1.25,37,9.25,94.9,44,11.0,423,106,162,41
Charlie Furse,Chicago Union,10,8,0.8,6,0.6,2,0.2,12,1.2,68,6.8,94.4,141,14.1,421,42,266,27
Eric Blais,Chicago Union,5,4,0.8,0,0.0,2,0.4,6,1.2,13,2.6,100.0,61,12.2,145,29,51,10
Von Alanguilan,Chicago Union,6,2,0.33,0,0.0,6,1.0,7,1.17,21,3.5,95.5,80,13.33,160,27,31,5
Kevin Herrera,Chicago Union,2,1,0.5,1,0.5,0,0.0,2,1.0,39,19.5,100.0,29,14.5,60,30,266,133
Jeffrey Robinson,Chicago Union,7,6,0.86,3,0.43,4,0.57,7,1.0,69,9.86,93.2,126,18.0,184,26,457,65
Sam Kaminsky,Chicago Union,9,5,0.56,7,0.78,3,0.33,9,1.0,90,10.0,93.8,123,13.67,255,28,420,47
Reid Martin,Chicago Union,8,7,0.88,2,0.25,0,0.0,8,1.0,72,9.0,98.6,104,13.0,393,49,244,31
Jesse Johnson,Chicago Union,5,4,0.8,0,0.0,1,0.2,4,0.8,9,1.8,90.0,59,11.8,239,48,47,9
William Frolich,Chicago Union,5,1,0.2,1,0.2,3,0.6,4,0.8,20,4.0,100.0,68,13.6,40,8,127,25
Samuel Tagle,Chicago Union,3,1,0.33,1,0.33,1,0.33,2,0.67,10,3.33,90.9,25,8.33,93,31,121,40
Tommy Gallagher,Chicago Union,4,3,0.75,0,0.0,2,0.5,2,0.5,33,8.25,91.7,38,9.5,54,14,120,30
Joseph Kennedy,Chicago Union,2,0,0.0,1,0.5,0,0.0,1,0.5,8,4.0,100.0,18,9.0,35,18,97,49
Dex Dremann,Chicago Union,2,0,0.0,0,0.0,1,0.5,0,0.0,0,0.0,0.0,16,8.0,0,0,0,0
Matt Gubernick,Chicago Union,1,0,0.0,0,0.0,0,0.0,0,0.0,2,2.0,100.0,9,9.0,4,4,14,14
Milan Rivas,Chicago Union,3,1,0.33,1,0.33,0,0.0,0,0.0,20,6.67,90.9,37,12.33,109,36,13,4
Austin Taylor,Atlanta Hustle,9,15,1.67,38,4.22,2,0.22,40,4.44,288,32.0,96.0,168,18.67,1285,143,3030,337
Antoine Davis,Atlanta Hustle,9,24,2.67,19,2.11,4,0.44,37,4.11,134,14.89,95.0,183,20.33,2101,233,1069,119
John Stubbs,Atlanta Hustle,5,4,0.8,18,3.6,3,0.6,20,4.0,78,15.6,94.0,85,17.0,518,104,982,196
Matt Smith,Atlanta Hustle,9,27,3.0,9,1.0,3,0.33,34,3.78,136,15.11,97.1,160,17.78,1840,204,912,101
Brett Hulsmeyer,Atlanta Hustle,9,8,0.89,5,0.56,20,2.22,27,3.0,75,8.33,93.8,157,17.44,586,65,397,44
Dylan Tunnell,Atlanta Hustle,1,0,0.0,2,2.0,1,1.0,3,3.0,7,7.0,100.0,11,11.0,1,1,54,54
Elijah Jaime,Atlanta Hustle,9,27,3.0,5,0.56,2,0.22,26,2.89,62,6.89,93.9,142,15.78,1572,175,126,14
Hayden Austin-Knab,Atlanta Hustle,3,5,1.67,6,2.0,0,0.0,8,2.67,41,13.67,93.2,43,14.33,393,131,233,78
Parker Bray,Atlanta Hustle,8,10,1.25,29,3.63,2,0.25,21,2.63,216,27.0,93.1,153,19.13,1162,145,2311,289
Karl Ekwurtzel,Atlanta Hustle,9,12,1.33,8,0.89,4,0.44,21,2.33,71,7.89,97.3,111,12.33,1119,124,400,44
Michael Fairley,Atlanta Hustle,8,8,1.0,9,1.13,6,0.75,17,2.13,98,12.25,94.2,122,15.25,398,50,871,109
Will Lindquist,Atlanta Hustle,3,4,1.33,2,0.67,0,0.0,6,2.0,18,6.0,100.0,35,11.67,373,124,173,58
Dean Ramsey,Atlanta Hustle,5,5,1.0,1,0.2,4,0.8,10,2.0,12,2.4,100.0,60,12.0,255,51,43,9
Daniel Sperling,Atlanta Hustle,1,1,1.0,0,0.0,1,1.0,2,2.0,0,0.0,0.0,14,14.0,49,49,0,0
Sun Choi,Atlanta Hustle,1,1,1.0,0,0.0,2,2.0,2,2.0,2,2.0,66.7,12,12.0,19,19,12,12
JP Burns,Atlanta Hustle,8,7,0.88,8,1.0,4,0.5,13,1.63,33,4.13,86.8,94,11.75,511,64,343,43
Jakeem Polk,Atlanta Hustle,9,4,0.44,4,0.44,9,1.0,14,1.56,22,2.44,100.0,143,15.89,361,40,118,13
Kelvin Williams,Atlanta Hustle,9,4,0.44,0,0.0,11,1.22,14,1.56,17,1.89,100.0,134,14.89,238,26,107,12
Tanner Robinson,Atlanta Hustle,8,5,0.63,7,0.88,5,0.63,12,1.5,91,11.38,94.8,105,13.13,410,51,726,91
Adnan Raslan,Atlanta Hustle,2,0,0.0,1,0.5,1,0.5,2,1.0,3,1.5,100.0,20,10.0,19,10,49,25
Jeffrey Oravic,Atlanta Hustle,1,1,1.0,0,0.0,0,0.0,1,1.0,0,0.0,0.0,11,11.0,20,20,0,0
Kennith Taylor,Atlanta Hustle,8,4,0.5,1,0.13,6,0.75,8,1.0,7,0.88,77.8,85,10.63,238,30,51,6
Christian Gaeta,Atlanta Hustle,2,1,0.5,0,0.0,1,0.5,1,0.5,2,1.0,66.7,26,13.0,73,37,1,1
Trenton Spinks,Atlanta Hustle,5,1,0.2,0,0.0,1,0.2,2,0.4,13,2.6,100.0,69,13.8,133,27,90,18
Player Pierce,Atlanta Hustle,5,3,0.6,7,1.4,0,0.0,2,0.4,124,24.8,93.9,85,17.0,248,50,986,197
Adam Miller,Atlanta Hustle,8,0,0.0,3,0.38,2,0.25,2,0.25,45,5.63,93.8,92,11.5,96,12,414,52
Christian Olsen,Atlanta Hustle,6,6,1.0,1,0.17,2,0.33,1,0.17,58,9.67,90.6,93,15.5,203,34,376,63
Mac McClellan,Atlanta Hustle,1,0,0.0,0,0.0,0,0.0,0,0.0,24,24.0,100.0,11,11.0,-26,-26,218,218
Ben Gagne-Maynard,Atlanta Hustle,8,1,0.13,1,0.13,2,0.25,0,0.0,18,2.25,81.8,102,12.75,273,34,2,0
Matthew Knowles,Atlanta Hustle,5,0,0.0,3,0.6,1,0.2,0,0.0,30,6.0,88.2,64,12.8,74,15,208,42
Tyler French,Atlanta Hustle,2,0,0.0,0,0.0,0,0.0,0,0.0,1,0.5,100.0,22,11.0,0,0,9,5
Tyler Kunsa,Atlanta Hustle,4,0,0.0,1,0.25,1,0.25,-7,-1.75,101,25.25,91.8,61,15.25,310,78,614,154
Travis Dunn,San Diego Growlers,9,20,2.22,32,3.56,0,0.0,36,4.0,232,25.78,93.9,180,20.0,2143,238,1347,150
Lior Givol,San Diego Growlers,9,25,2.78,13,1.44,2,0.22,30,3.33,98,10.89,91.6,167,18.56,1374,153,928,103
Jesse Cohen,San Diego Growlers,7,22,3.14,5,0.71,2,0.29,23,3.29,54,7.71,91.5,109,15.57,1039,148,249,36
Nate Pettyjohn,San Diego Growlers,6,13,2.17,6,1.0,3,0.5,16,2.67,41,6.83,93.2,84,14.0,695,116,311,52
Jonathan Helton,San Diego Growlers,9,19,2.11,29,3.22,4,0.44,23,2.56,234,26.0,90.0,180,20.0,1076,120,1919,213
Tim Okita,San Diego Growlers,8,7,0.88,20,2.5,1,0.13,19,2.38,254,31.75,97.7,137,17.13,620,78,1242,155
Hunter Corbett,San Diego Growlers,8,12,1.5,9,1.13,5,0.63,19,2.38,66,8.25,93.0,122,15.25,736,92,494,62
Khalif El-Salaam,San Diego Growlers,6,6,1.0,13,2.17,7,1.17,11,1.83,54,9.0,81.8,128,21.33,466,78,477,80
Jordan Queckboerner,San Diego Growlers,8,7,0.88,1,0.13,10,1.25,12,1.5,19,2.38,79.2,93,11.63,566,71,64,8
Kyle Rubin,San Diego Growlers,9,8,0.89,5,0.56,1,0.11,12,1.33,74,8.22,97.4,128,14.22,440,49,348,39
Will Turner,San Diego Growlers,9,2,0.22,8,0.89,8,0.89,12,1.33,81,9.0,93.1,148,16.44,199,22,533,59
Michael Tran,San Diego Growlers,9,5,0.56,11,1.22,5,0.56,12,1.33,173,19.22,96.1,138,15.33,359,40,896,100
Steven Milardovich,San Diego Growlers,7,0,0.0,6,0.86,9,1.29,8,1.14,71,10.14,91.0,114,16.29,451,64,590,84
Stefan Samu,San Diego Growlers,3,1,0.33,0,0.0,2,0.67,3,1.0,6,2.0,100.0,26,8.67,98,33,35,12
Jeffrey Silverman,San Diego Growlers,8,3,0.38,1,0.13,4,0.5,8,1.0,14,1.75,100.0,97,12.13,94,12,100,13
Reggie Sung,San Diego Growlers,7,5,0.71,2,0.29,1,0.14,5,0.71,11,1.57,84.6,71,10.14,315,45,78,11
Dominic Leggio,San Diego Growlers,9,1,0.11,3,0.33,6,0.67,6,0.67,152,16.89,98.1,161,17.89,222,25,811,90
Scott Radlauer,San Diego Growlers,8,3,0.38,1,0.13,2,0.25,5,0.63,9,1.13,90.0,91,11.38,183,23,160,20
Bryce Lozinski,San Diego Growlers,4,1,0.25,0,0.0,1,0.25,2,0.5,8,2.0,100.0,36,9.0,60,15,27,7
Greg Cohen,San Diego Growlers,2,1,0.5,1,0.5,2,1.0,1,0.5,6,3.0,75.0,29,14.5,61,31,101,51
Maxwell Hume,San Diego Growlers,9,2,0.22,2,0.22,5,0.56,4,0.44,27,3.0,90.0,128,14.22,230,26,131,15
Zac Schakner,San Diego Growlers,9,3,0.33,1,0.11,4,0.44,1,0.11,32,3.56,82.1,107,11.89,205,23,151,17
Paul Lally,San Diego Growlers,6,7,1.17,6,1.0,2,0.33,0,0.0,204,34.0,93.6,104,17.33,568,95,1408,235
Clark Wang,San Diego Growlers,2,0,0.0,0,0.0,0,0.0,0,0.0,4,2.0,100.0,16,8.0,6,3,11,6
Wes Groth,San Diego Growlers,6,4,0.67,1,0.17,2,0.33,-1,-0.17,15,2.5,68.2,45,7.5,289,48,84,14
Mark Mendelevitz,San Diego Growlers,1,0,0.0,0,0.0,0,0.0,-1,-1.0,0,0.0,0.0,7,7.0,0,0,0,0
Chris Mazur,Dallas Roughnecks,2,3,1.5,11,5.5,1,0.5,13,6.5,88,44.0,97.8,39,19.5,92,46,790,395
Kaplan Maurer,Dallas Roughnecks,8,19,2.38,24,3.0,1,0.13,33,4.13,226,28.25,95.4,138,17.25,1259,157,1266,158
Jay Froude,Dallas Roughnecks,7,18,2.57,9,1.29,8,1.14,27,3.86,107,15.29,93.9,131,18.71,1343,192,661,94
Ben Lewis,Dallas Roughnecks,11,26,2.36,5,0.45,16,1.45,42,3.82,51,4.64,92.7,196,17.82,1524,139,125,11
Kyle Henke,Dallas Roughnecks,9,24,2.67,13,1.44,9,1.0,29,3.22,169,18.78,91.4,173,19.22,2107,234,965,107
Kevin Richardson,Dallas Roughnecks,1,0,0.0,2,2.0,1,1.0,3,3.0,14,14.0,100.0,20,20.0,53,53,127,127
Matthew Armour,Dallas Roughnecks,11,15,1.36,15,1.36,5,0.45,28,2.55,103,9.36,94.5,186,16.91,1197,109,631,57
Mason Wuensch,Dallas Roughnecks,9,10,1.11,2,0.22,11,1.22,18,2.0,29,3.22,87.9,122,13.56,526,58,50,6
Dalton Smith,Dallas Roughnecks,1,0,0.0,2,2.0,2,2.0,2,2.0,25,25.0,92.6,13,13.0,13,13,307,307
Kai Marshall,Dallas Roughnecks,2,1,0.5,4,2.0,0,0.0,4,2.0,21,10.5,95.5,29,14.5,138,69,231,116
Thomas Slack,Dallas Roughnecks,9,17,1.89,4,0.44,2,0.22,17,1.89,135,15.0,96.4,142,15.78,1530,170,305,34
Abe Coffin,Dallas Roughnecks,8,9,1.13,24,3.0,0,0.0,14,1.75,293,36.63,94.5,142,17.75,1366,171,1747,218
Griffin Miller,Dallas Roughnecks,5,5,1.0,1,0.2,3,0.6,8,1.6,18,3.6,94.7,63,12.6,322,64,50,10
Jon DeAmicis,Dallas Roughnecks,5,0,0.0,3,0.6,5,1.0,8,1.6,12,2.4,100.0,60,12.0,119,24,77,15
Dillon Larberg,Dallas Roughnecks,5,0,0.0,11,2.2,8,1.6,8,1.6,46,9.2,80.7,75,15.0,91,18,543,109
Carson Wilder,Dallas Roughnecks,7,12,1.71,6,0.86,0,0.0,11,1.57,59,8.43,90.8,100,14.29,960,137,133,19
Hunter Taylor,Dallas Roughnecks,7,4,0.57,6,0.86,7,1.0,11,1.57,34,4.86,85.0,97,13.86,480,69,287,41
Wesley Miaw,Dallas Roughnecks,10,9,0.9,2,0.2,5,0.5,12,1.2,129,12.9,97.7,136,13.6,543,54,791,79
Noah Chambers,Dallas Roughnecks,8,5,0.63,2,0.25,4,0.5,9,1.13,24,3.0,92.3,96,12.0,346,43,100,13
Chase Cunningham,Dallas Roughnecks,9,7,0.78,14,1.56,9,1.0,10,1.11,175,19.44,90.7,165,18.33,485,54,1482,165
Alex Brouwer,Dallas Roughnecks,8,7,0.88,0,0.0,2,0.25,8,1.0,15,1.88,100.0,82,10.25,266,33,49,6
Chris Larberg,Dallas Roughnecks,3,1,0.33,0,0.0,2,0.67,3,1.0,7,2.33,100.0,33,11.0,110,37,46,15
Henry Furuta,Dallas Roughnecks,7,6,0.86,5,0.71,1,0.14,7,1.0,173,24.71,97.2,97,13.86,140,20,1042,149
Connor Olson,Dallas Roughnecks,7,3,0.43,5,0.71,1,0.14,6,0.86,110,15.71,97.3,95,13.57,401,57,372,53
Ben Rogers,Dallas Roughnecks,9,2,0.22,5,0.56,2,0.22,7,0.78,40,4.44,97.6,124,13.78,367,41,211,23
Matt Jackson,Dallas Roughnecks,8,4,0.5,14,1.75,0,0.0,5,0.63,261,32.63,95.6,132,16.5,-288,-36,1378,172
Daniel Emmons,Dallas Roughnecks,5,1,0.2,1,0.2,2,0.4,3,0.6,7,1.4,87.5,54,10.8,199,40,-4,-1
Gabriel Hernandez,Dallas Roughnecks,10,5,0.5,12,1.2,2,0.2,5,0.5,342,34.2,96.3,170,17.0,441,44,1293,129
Brandon Malecek,Dallas Roughnecks,7,1,0.14,10,1.43,2,0.29,3,0.43,98,14.0,90.7,90,12.86,37,5,1246,178
Zach Marbach,Dallas Roughnecks,2,1,0.5,0,0.0,0,0.0,0,0.0,9,4.5,90.0,14,7.0,59,30,-4,-2
Michael Matthis,Dallas Roughnecks,4,1,0.25,0,0.0,0,0.0,0,0.0,17,4.25,94.4,42,10.5,179,45,67,17
Rory Orloff,Dallas Roughnecks,1,0,0.0,0,0.0,0,0.0,0,0.0,1,1.0,100.0,7,7.0,7,7,11,11
Jake Reinhardt,Dallas Roughnecks,4,1,0.25,2,0.5,2,0.5,0,0.0,19,4.75,79.2,57,14.25,98,25,133,33
Tyler Reinhardt,Dallas Roughnecks,1,0,0.0,0,0.0,0,0.0,0,0.0,2,2.0,100.0,13,13.0,19,19,-10,-10
Jason Hustad,Dallas Roughnecks,9,3,0.33,6,0.67,1,0.11,-3,-0.33,47,5.22,78.3,98,10.89,380,42,390,43
Biz Schlaefer,Madison Radicals,2,5,2.5,6,3.0,0,0.0,10,5.0,24,12.0,100.0,29,14.5,225,113,166,83
Sterling Knoche,Madison Radicals,8,25,3.13,7,0.88,5,0.63,34,4.25,55,6.88,94.8,156,19.5,1257,157,247,31
Jack Kelly,Madison Radicals,9,25,2.78,12,1.33,3,0.33,37,4.11,100,11.11,97.1,130,14.44,1398,155,265,29
Kevin Pettit-Scantling,Madison Radicals,11,23,2.09,16,1.45,19,1.73,44,4.0,145,13.18,92.4,240,21.82,1103,100,697,63
Chris Wilen,Madison Radicals,8,22,2.75,11,1.38,4,0.5,28,3.5,128,16.0,94.8,135,16.88,1874,234,704,88
David Nester,Madison Radicals,4,6,1.5,9,2.25,2,0.5,12,3.0,49,12.25,92.5,56,14.0,737,184,351,88
Noah Nicol,Madison Radicals,1,2,2.0,0,0.0,1,1.0,3,3.0,9,9.0,100.0,15,15.0,63,63,50,50
Colin Sunde,Madison Radicals,2,3,1.5,3,1.5,1,0.5,5,2.5,14,7.0,93.3,26,13.0,198,99,123,62
Victor Luo,Madison Radicals,10,11,1.1,27,2.7,2,0.2,25,2.5,436,43.6,97.1,165,16.5,1576,158,2578,258
Luke Marks,Madison Radicals,10,10,1.0,4,0.4,9,0.9,22,2.2,48,4.8,98.0,173,17.3,424,42,266,27
Liam McDonald,Madison Radicals,5,6,1.2,3,0.6,4,0.8,11,2.2,23,4.6,92.0,50,10.0,277,55,228,46
Rami Paust,Madison Radicals,11,14,1.27,37,3.36,4,0.36,24,2.18,322,29.27,92.8,184,16.73,2153,196,2550,232
Chase Marty,Madison Radicals,11,11,1.0,8,0.73,6,0.55,22,2.0,44,4.0,97.8,165,15.0,691,63,147,13
Joshua Wilson,Madison Radicals,11,5,0.45,21,1.91,4,0.36,20,1.82,212,19.27,95.5,213,19.36,533,48,1638,149
Austin Johnson,Madison Radicals,2,1,0.5,3,1.5,1,0.5,3,1.5,26,13.0,96.3,22,11.0,61,31,111,56
Andrew Meshnick,Madison Radicals,8,3,0.38,5,0.63,8,1.0,12,1.5,52,6.5,92.9,169,21.13,428,54,556,70
Brett Robinson,Madison Radicals,2,2,1.0,1,0.5,2,1.0,3,1.5,5,2.5,83.3,22,11.0,70,35,32,16
Blake Krapfl,Madison Radicals,3,1,0.33,3,1.0,1,0.33,4,1.33,16,5.33,94.1,58,19.33,141,47,157,52
Nico Ranabhat,Madison Radicals,10,7,0.7,6,0.6,5,0.5,13,1.3,30,3.0,88.2,132,13.2,645,65,221,22
Avery Johnson,Madison Radicals,9,12,1.33,5,0.56,0,0.0,10,1.11,113,12.56,94.2,138,15.33,1312,146,384,43
Dylan Power,Madison Radicals,11,14,1.27,6,0.55,3,0.27,12,1.09,279,25.36,96.5,161,14.64,886,81,1657,151
Henry Goldenberg,Madison Radicals,11,5,0.45,11,1.0,3,0.27,12,1.09,110,10.0,95.7,107,9.73,366,33,732,67
Ted Schewe,Madison Radicals,8,9,1.13,3,0.38,0,0.0,8,1.0,40,5.0,90.9,77,9.63,702,88,439,55
Sean Treacy,Madison Radicals,2,3,1.5,0,0.0,1,0.5,2,1.0,11,5.5,91.7,31,15.5,107,54,82,41
Kyle Dreger,Madison Radicals,1,0,0.0,2,2.0,0,0.0,1,1.0,7,7.0,87.5,12,12.0,-8,-8,58,58
Ian McCosky,Madison Radicals,9,2,0.22,6,0.67,3,0.33,9,1.0,49,5.44,100.0,153,17.0,657,73,143,16
James Sykora,Madison Radicals,4,1,0.25,3,0.75,1,0.25,4,1.0,19,4.75,95.0,62,15.5,154,39,160,40
Jacob Wham,Madison Radicals,8,6,0.75,2,0.25,3,0.38,8,1.0,26,3.25,92.9,110,13.75,423,53,193,24
John Tan,Madison Radicals,3,1,0.33,0,0.0,3,1.0,2,0.67,10,3.33,90.9,33,11.0,178,59,34,11
Daniel Garlock,Madison Radicals,11,2,0.18,8,0.73,10,0.91,7,0.64,133,12.09,92.4,168,15.27,358,33,1112,101
Tom Annen,Madison Radicals,5,0,0.0,1,0.2,1,0.2,1,0.2,73,14.6,98.6,52,10.4,48,10,442,88
Logan Pruess,Madison Radicals,10,5,0.5,13,1.3,2,0.2,0,0.0,382,38.2,96.0,179,17.9,242,24,2781,278
Joe Merrill,DC Breeze,8,28,3.5,4,0.5,3,0.38,34,4.25,55,6.88,98.2,92,11.5,1377,172,92,12
AJ Merriman,DC Breeze,8,11,1.38,14,1.75,16,2.0,33,4.13,48,6.0,87.3,139,17.38,806,101,548,69
Joe Richards,DC Breeze,8,25,3.13,9,1.13,3,0.38,33,4.13,36,4.5,92.3,113,14.13,1205,151,181,23
Jeff Wodatch,DC Breeze,4,8,2.0,9,2.25,1,0.25,14,3.5,74,18.5,96.1,63,15.75,735,184,518,130
Zach Norrbom,DC Breeze,7,14,2.0,14,2.0,2,0.29,23,3.29,253,36.14,98.1,86,12.29,835,119,1280,183
Jonny Malks,DC Breeze,8,10,1.25,22,2.75,2,0.25,25,3.13,403,50.38,98.1,116,14.5,729,91,2042,255
Kenta Kawaguchi,DC Breeze,2,1,0.5,2,1.0,3,1.5,6,3.0,13,6.5,100.0,22,11.0,111,56,32,16
Garrett Braun,DC Breeze,8,8,1.0,18,2.25,2,0.25,22,2.75,214,26.75,98.6,114,14.25,1229,154,971,121
Rhys Bergeron,DC Breeze,7,6,0.86,3,0.43,9,1.29,16,2.29,35,5.0,94.6,109,15.57,447,64,154,22
Kevin Healey,DC Breeze,3,9,3.0,0,0.0,0,0.0,6,2.0,16,5.33,88.9,39,13.0,401,134,69,23
Gus Norrbom,DC Breeze,8,7,0.88,13,1.63,1,0.13,16,2.0,272,34.0,98.6,103,12.88,557,70,1246,156
Ray Mendoza,DC Breeze,1,1,1.0,0,0.0,2,2.0,2,2.0,3,3.0,75.0,13,13.0,100,100,3,3
Jacques Nissen,DC Breeze,7,7,1.0,11,1.57,2,0.29,13,1.86,199,28.43,96.6,99,14.14,1221,174,837,120
Kevin Versteeg,DC Breeze,4,3,0.75,0,0.0,4,1.0,7,1.75,2,0.5,100.0,48,12.0,79,20,-10,-3
Rowan McDonnell,DC Breeze,8,3,0.38,15,1.88,6,0.75,14,1.75,382,47.75,97.9,124,15.5,378,47,1395,174
Steven Wartinbee,DC Breeze,4,2,0.5,7,1.75,1,0.25,7,1.75,68,17.0,97.1,52,13.0,413,103,394,99
Luke Rehfuss,DC Breeze,2,2,1.0,1,0.5,0,0.0,3,1.5,4,2.0,100.0,23,11.5,148,74,15,8
Duncan Fitzgerald,DC Breeze,7,8,1.14,2,0.29,4,0.57,10,1.43,67,9.57,95.7,112,16.0,269,38,456,65
Jasper Tom,DC Breeze,7,3,0.43,2,0.29,6,0.86,9,1.29,67,9.57,98.5,100,14.29,230,33,456,65
Jeremy Hess,DC Breeze,7,4,0.57,6,0.86,2,0.29,9,1.29,32,4.57,91.4,132,18.86,293,42,259,37
David Shields,DC Breeze,7,1,0.14,8,1.14,2,0.29,7,1.0,84,12.0,96.6,99,14.14,101,14,698,100
Colum Bergeron,DC Breeze,2,1,0.5,1,0.5,2,1.0,2,1.0,16,8.0,94.1,26,13.0,192,96,85,43
Quinn Bergeron,DC Breeze,7,2,0.29,0,0.0,8,1.14,7,1.0,26,3.71,92.9,93,13.29,246,35,92,13
Kyle Vezina,DC Breeze,1,0,0.0,0,0.0,1,1.0,1,1.0,0,0.0,0.0,7,7.0,0,0,0,0
Ben Green,DC Breeze,7,5,0.71,0,0.0,5,0.71,7,1.0,25,3.57,96.2,115,16.43,434,62,-43,-6
Houston Parks,DC Breeze,4,1,0.25,2,0.5,2,0.5,4,1.0,14,3.5,100.0,73,18.25,188,47,58,15
David Bloodgood,DC Breeze,7,1,0.14,6,0.86,4,0.57,3,0.43,129,18.43,94.9,134,19.14,98,14,813,116
Kris Harrison,DC Breeze,5,0,0.0,2,0.4,2,0.4,2,0.4,53,10.6,98.1,83,16.6,25,5,221,44
Gabe Webster,DC Breeze,1,0,0.0,0,0.0,0,0.0,0,0.0,0,0.0,0.0,1,1.0,0,0,0,0
Aaron Bartlett,DC Breeze,1,0,0.0,0,0.0,0,0.0,0,0.0,0,0.0,0.0,4,4.0,0,0,0,0
Dane Warner,DC Breeze,1,1,1.0,1,1.0,0,0.0,0,0.0,4,4.0,80.0,16,16.0,66,66,44,44
Justin Keller,DC Breeze,1,1,1.0,0,0.0,0,0.0,0,0.0,12,12.0,92.3,16,16.0,26,26,39,39
Nick Vogt,Minnesota Wind Chill,8,24,3.0,6,0.75,8,1.0,37,4.63,87,10.88,100.0,135,16.88,1587,198,126,16
William Brandt,Minnesota Wind Chill,5,10,2.0,15,3.0,2,0.4,21,4.2,189,37.8,96.9,87,17.4,593,119,1019,204
Bryan Vohnoutka,Minnesota Wind Chill,9,19,2.11,11,1.22,7,0.78,31,3.44,110,12.22,94.8,168,18.67,1512,168,521,58
Dylan DeClerck,Minnesota Wind Chill,8,7,0.88,6,0.75,16,2.0,27,3.38,30,3.75,93.8,137,17.13,538,67,157,20
Charles Weinberg,Minnesota Wind Chill,9,19,2.11,18,2.0,1,0.11,28,3.11,174,19.33,95.1,150,16.67,1496,166,1126,125
Jake Raatz,Minnesota Wind Chill,1,0,0.0,0,0.0,3,3.0,3,3.0,1,1.0,100.0,9,9.0,17,17,12,12
Paul Krenik,Minnesota Wind Chill,1,2,2.0,0,0.0,1,1.0,3,3.0,4,4.0,100.0,12,12.0,51,51,48,48
Isaac Leonard,Minnesota Wind Chill,6,6,1.0,7,1.17,3,0.5,16,2.67,38,6.33,100.0,72,12.0,499,83,271,45
Rocco Linehan,Minnesota Wind Chill,9,17,1.89,19,2.11,5,0.56,23,2.56,179,19.89,92.7,150,16.67,1464,163,1031,115
Charlie McCutcheon,Minnesota Wind Chill,8,8,1.0,4,0.5,7,0.88,18,2.25,39,4.88,97.5,138,17.25,408,51,31,4
Cole Jurek,Minnesota Wind Chill,9,18,2.0,13,1.44,3,0.33,20,2.22,129,14.33,92.8,156,17.33,1852,206,632,70
Andrew Roy,Minnesota Wind Chill,9,11,1.22,18,2.0,5,0.56,19,2.11,509,56.56,97.3,169,18.78,260,29,2766,307
Michael Jordan,Minnesota Wind Chill,7,11,1.57,4,0.57,1,0.14,13,1.86,80,11.43,96.4,110,15.71,1137,162,336,48
Tony Poletto,Minnesota Wind Chill,7,3,0.43,22,3.14,0,0.0,13,1.86,321,45.86,96.7,117,16.71,112,16,1541,220
Raheem Ishaque,Minnesota Wind Chill,4,1,0.25,1,0.25,6,1.5,7,1.75,4,1.0,100.0,41,10.25,73,18,34,9
Grayson Pangburn,Minnesota Wind Chill,2,3,1.5,0,0.0,0,0.0,3,1.5,7,3.5,100.0,29,14.5,66,33,41,21
Brett Matzuka,Minnesota Wind Chill,6,1,0.17,6,1.0,7,1.17,9,1.5,161,26.83,97.0,104,17.33,40,7,950,158
Bret Bergmeier,Minnesota Wind Chill,8,8,1.0,2,0.25,5,0.63,11,1.38,92,11.5,96.8,122,15.25,624,78,279,35
Josh Klane,Minnesota Wind Chill,6,6,1.0,16,2.67,2,0.33,8,1.33,207,34.5,93.2,103,17.17,542,90,1665,278
Scott Hearne,Minnesota Wind Chill,6,1,0.17,10,1.67,1,0.17,7,1.17,67,11.17,93.1,88,14.67,14,2,759,127
Brandon Matis,Minnesota Wind Chill,9,2,0.22,3,0.33,6,0.67,10,1.11,24,2.67,96.0,101,11.22,394,44,11,1
Matthew Johnson,Minnesota Wind Chill,1,1,1.0,0,0.0,0,0.0,1,1.0,1,1.0,100.0,3,3.0,78,78,-5,-5
James Kittlesen,Minnesota Wind Chill,7,2,0.29,2,0.29,5,0.71,7,1.0,18,2.57,90.0,96,13.71,355,51,91,13
Josh Poterack,Minnesota Wind Chill,1,0,0.0,0,0.0,1,1.0,1,1.0,1,1.0,100.0,10,10.0,12,12,-7,-7
Ian Hahn,Minnesota Wind Chill,3,2,0.67,0,0.0,0,0.0,2,0.67,12,4.0,100.0,37,12.33,122,41,78,26
Sebastian Brauer,Minnesota Wind Chill,2,1,0.5,0,0.0,1,0.5,1,0.5,15,7.5,100.0,23,11.5,-19,-10,36,18
Colin Berry,Minnesota Wind Chill,8,7,0.88,2,0.25,4,0.5,2,0.25,68,8.5,87.2,128,16.0,415,52,394,49
Brett Hidaka,Minnesota Wind Chill,5,1,0.2,1,0.2,2,0.4,1,0.2,39,7.8,92.9,59,11.8,74,15,258,52
Jordan Taylor,Minnesota Wind Chill,8,2,0.25,5,0.63,4,0.5,-1,-0.13,53,6.63,82.8,91,11.38,586,73,370,46
Kristian Johnson,Minnesota Wind Chill,6,1,0.17,3,0.5,1,0.17,-3,-0.5,74,12.33,90.2,80,13.33,74,12,325,54
Tyler Thomegreene,Minnesota Wind Chill,2,1,0.5,0,0.0,1,0.5,-1,-0.5,16,8.0,84.2,26,13.0,32,16,102,51
Eric Brodbeck,Austin Sol,11,28,2.55,26,2.36,10,0.91,47,4.27,267,24.27,95.0,210,19.09,2033,185,1913,174
Evan Swiatek,Austin Sol,9,34,3.78,13,1.44,8,0.89,30,3.33,184,20.44,90.2,180,20.0,2493,277,663,74
Vinay Valsaraj,Austin Sol,11,27,2.45,18,1.64,10,0.91,35,3.18,154,14.0,91.7,206,18.73,2263,206,837,76
Shane Heath,Austin Sol,9,16,1.78,17,1.89,2,0.22,28,3.11,106,11.78,94.6,142,15.78,1198,133,774,86
Hayden Stone,Austin Sol,11,15,1.36,19,1.73,4,0.36,30,2.73,150,13.64,96.2,228,20.73,1426,130,894,81
Joey Wylie,Austin Sol,11,17,1.55,12,1.09,12,1.09,29,2.64,99,9.0,90.8,212,19.27,1445,131,465,42
Connor DeLuna,Austin Sol,10,18,1.8,1,0.1,6,0.6,25,2.5,13,1.3,100.0,139,13.9,624,62,70,7
John Cecil,Austin Sol,5,3,0.6,10,2.0,3,0.6,11,2.2,51,10.2,94.4,82,16.4,615,123,247,49
Chris Layden,Austin Sol,1,0,0.0,0,0.0,2,2.0,2,2.0,9,9.0,100.0,11,11.0,26,26,59,59
Mick Walter,Austin Sol,11,5,0.45,6,0.55,16,1.45,21,1.91,102,9.27,96.2,172,15.64,562,51,878,80
Jeremy Keusch,Austin Sol,10,7,0.7,5,0.5,11,1.1,18,1.8,95,9.5,95.0,170,17.0,696,70,556,56
Elliott Moore,Austin Sol,9,9,1.0,12,1.33,10,1.11,16,1.78,104,11.56,88.9,151,16.78,824,92,815,91
Zach Slayton,Austin Sol,11,15,1.36,6,0.55,9,0.82,18,1.64,129,11.73,94.9,194,17.64,825,75,697,63
Brandon Dial,Austin Sol,2,2,1.0,0,0.0,1,0.5,3,1.5,3,1.5,100.0,15,7.5,90,45,-20,-10
Reese Bowman,Austin Sol,11,5,0.45,10,0.91,9,0.82,14,1.27,149,13.55,94.9,213,19.36,489,44,819,74
Jacob Sames,Austin Sol,10,7,0.7,8,0.8,6,0.6,12,1.2,281,28.1,97.9,167,16.7,803,80,1523,152
Brian Street,Austin Sol,1,0,0.0,1,1.0,1,1.0,1,1.0,11,11.0,91.7,15,15.0,39,39,114,114
Joe Sefton,Austin Sol,7,5,0.71,10,1.43,0,0.0,7,1.0,153,21.86,95.6,109,15.57,536,77,1036,148
Jake Worthington,Austin Sol,7,3,0.43,0,0.0,4,0.57,7,1.0,21,3.0,100.0,78,11.14,349,50,75,11
Brian Gfroerer,Austin Sol,7,4,0.57,1,0.14,3,0.43,6,0.86,19,2.71,90.5,74,10.57,210,30,87,12
Alex Heath,Austin Sol,6,0,0.0,5,0.83,2,0.33,5,0.83,39,6.5,95.1,64,10.67,127,21,336,56
Jackson Potts,Austin Sol,5,2,0.4,3,0.6,0,0.0,4,0.8,14,2.8,93.3,59,11.8,146,29,150,30
Matt Chambers,Austin Sol,5,2,0.4,3,0.6,3,0.6,4,0.8,52,10.4,94.5,57,11.4,216,43,216,43
Robert Lewis,Austin Sol,10,3,0.3,2,0.2,3,0.3,4,0.4,65,6.5,94.2,102,10.2,-63,-6,306,31
Paul Starkel,Austin Sol,11,5,0.45,23,2.09,2,0.18,4,0.36,373,33.91,94.2,188,17.09,424,39,2459,224
Max Grove,Austin Sol,1,0,0.0,0,0.0,0,0.0,0,0.0,0,0.0,0.0,1,1.0,0,0,0,0
Nash Mock,Austin Sol,1,0,0.0,0,0.0,0,0.0,0,0.0,1,1.0,100.0,7,7.0,2,2,-3,-3
Matt Bennett,Austin Sol,8,1,0.13,13,1.63,4,0.5,-1,-0.13,156,19.5,89.1,142,17.75,87,11,1215,152
Ryan Purcell,Austin Sol,3,0,0.0,5,1.67,0,0.0,-3,-1.0,91,30.33,91.9,46,15.33,-44,-15,651,217
John Clyde,Austin Sol,6,1,0.17,4,0.67,3,0.5,-8,-1.33,65,10.83,80.2,87,14.5,-109,-18,490,82
Anders Juengst,Raleigh Flyers,8,30,3.75,17,2.13,0,0.0,41,5.13,181,22.63,97.3,139,17.38,1559,195,1108,139
Eric Taylor,Raleigh Flyers,4,3,0.75,17,4.25,2,0.5,17,4.25,106,26.5,96.4,77,19.25,670,168,899,225
Allan Laviolette,Raleigh Flyers,7,14,2.0,25,3.57,0,0.0,29,4.14,96,13.71,90.6,131,18.71,1326,189,1040,149
Henry Fisher,Raleigh Flyers,8,26,3.25,11,1.38,4,0.5,32,4.0,91,11.38,92.9,153,19.13,2025,253,533,67
Jacob Fairfax,Raleigh Flyers,8,18,2.25,9,1.13,4,0.5,27,3.38,75,9.38,96.2,155,19.38,1275,159,837,105
Jacob Mouw,Raleigh Flyers,1,0,0.0,2,2.0,1,1.0,3,3.0,3,3.0,100.0,14,14.0,32,32,32,32
Matt Gouchoe-Hanas,Raleigh Flyers,7,12,1.71,14,2.0,0,0.0,21,3.0,246,35.14,98.4,125,17.86,372,53,1464,209
Terrence Mitchell,Raleigh Flyers,6,9,1.5,9,1.5,2,0.33,17,2.83,68,11.33,98.6,96,16.0,838,140,335,56
Alex Davis,Raleigh Flyers,8,10,1.25,4,0.5,10,1.25,21,2.63,26,3.25,92.9,108,13.5,488,61,127,16
Seth Weaver,Raleigh Flyers,8,8,1.0,11,1.38,5,0.63,21,2.63,77,9.63,96.3,136,17.0,341,43,411,51
Elijah Long,Raleigh Flyers,7,5,0.71,13,1.86,5,0.71,18,2.57,130,18.57,96.3,115,16.43,218,31,727,104
Connor Russell,Raleigh Flyers,3,4,1.33,2,0.67,4,1.33,7,2.33,26,8.67,89.7,56,18.67,116,39,119,40
David Richardson,Raleigh Flyers,7,4,0.57,3,0.43,11,1.57,16,2.29,12,1.71,92.3,127,18.14,268,38,73,10
Sol Yanuck,Raleigh Flyers,8,7,0.88,15,1.88,3,0.38,14,1.75,307,38.38,96.5,156,19.5,665,83,2530,316
Tim McAllister,Raleigh Flyers,4,1,0.25,5,1.25,3,0.75,7,1.75,27,6.75,93.1,62,15.5,178,45,183,46
Shane Sisco,Raleigh Flyers,3,2,0.67,2,0.67,1,0.33,5,1.67,11,3.67,100.0,46,15.33,191,64,77,26
Matthew Mcknight,Raleigh Flyers,8,8,1.0,12,1.5,1,0.13,13,1.63,141,17.63,95.9,133,16.63,1025,128,1293,162
Noah Saul,Raleigh Flyers,5,2,0.4,8,1.6,5,1.0,8,1.6,92,18.4,94.8,98,19.6,94,19,620,124
Kamron Daftari,Raleigh Flyers,2,2,1.0,0,0.0,1,0.5,3,1.5,1,0.5,100.0,16,8.0,28,14,-6,-3
Marc Rovner,Raleigh Flyers,3,2,0.67,1,0.33,3,1.0,4,1.33,13,4.33,92.9,50,16.67,141,47,45,15
Josh Hartzog,Raleigh Flyers,6,1,0.17,6,1.0,4,0.67,8,1.33,50,8.33,94.3,110,18.33,283,47,230,38
Grayson Sanner,Raleigh Flyers,4,4,1.0,0,0.0,1,0.25,5,1.25,14,3.5,100.0,39,9.75,175,44,69,17
Trevor Lynch,Raleigh Flyers,7,6,0.86,1,0.14,3,0.43,8,1.14,31,4.43,93.9,106,15.14,248,35,290,41
Ethan Bloodworth,Raleigh Flyers,7,3,0.43,6,0.86,4,0.57,8,1.14,56,8.0,91.8,121,17.29,424,61,308,44
Tristan Green,Raleigh Flyers,2,1,0.5,0,0.0,2,1.0,2,1.0,4,2.0,100.0,9,4.5,14,7,26,13
Andrew McKelvey,Raleigh Flyers,6,7,1.17,1,0.17,1,0.17,5,0.83,13,2.17,81.3,64,10.67,369,62,15,3
Joey Cretella,Raleigh Flyers,4,2,0.5,0,0.0,3,0.75,3,0.75,11,2.75,84.6,50,12.5,73,18,70,18
Ethan Bolthouse,Raleigh Flyers,2,2,1.0,0,0.0,0,0.0,1,0.5,9,4.5,100.0,13,6.5,106,53,1,1
Suraj Madiraju,Raleigh Flyers,4,2,0.5,2,0.5,1,0.25,2,0.5,19,4.75,90.5,51,12.75,145,36,51,13
Justin Allen,Raleigh Flyers,5,3,0.6,2,0.4,2,0.4,1,0.2,15,3.0,78.9,55,11.0,128,26,61,12
Vincent Calderon,Raleigh Flyers,1,0,0.0,0,0.0,0,0.0,0,0.0,0,0.0,0.0,1,1.0,0,0,0,0
Bailey LaBerteaux,Raleigh Flyers,1,0,0.0,1,1.0,0,0.0,0,0.0,8,8.0,88.9,14,14.0,14,14,96,96
Kiron Allen,Raleigh Flyers,2,1,0.5,0,0.0,1,0.5,-1,-0.5,14,7.0,82.4,24,12.0,-43,-22,84,42
Ben Jagt,New York Empire,7,29,4.14,31,4.43,10,1.43,57,8.14,154,22.0,92.8,179,25.57,2554,365,975,139
Ryan Osgar,New York Empire,6,18,3.0,31,5.17,1,0.17,39,6.5,163,27.17,94.8,133,22.17,1956,326,1257,210
John Lithio,New York Empire,6,18,3.0,6,1.0,4,0.67,24,4.0,72,12.0,96.0,116,19.33,1478,246,532,89
Jeff Babbitt,New York Empire,7,15,2.14,0,0.0,10,1.43,25,3.57,39,5.57,100.0,137,19.57,774,111,78,11
Conor Kline,New York Empire,5,14,2.8,4,0.8,1,0.2,16,3.2,22,4.4,88.0,87,17.4,617,123,73,15
Jack Williams,New York Empire,6,11,1.83,16,2.67,0,0.0,19,3.17,235,39.17,97.1,145,24.17,1117,186,1257,210
Matt Stevens,New York Empire,7,17,2.43,3,0.43,0,0.0,20,2.86,56,8.0,100.0,119,17.0,602,86,94,13
Ryan Drost,New York Empire,5,5,1.0,1,0.2,9,1.8,12,2.4,26,5.2,89.7,75,15.0,344,69,60,12
Elliott Chartock,New York Empire,5,3,0.6,22,4.4,2,0.4,12,2.4,291,58.2,95.1,105,21.0,652,130,2704,541
Nasser M'Bae Vogel,New York Empire,3,1,0.33,3,1.0,2,0.67,6,2.0,10,3.33,100.0,33,11.0,170,57,89,30
Marques Brownlee,New York Empire,5,2,0.4,6,1.2,6,1.2,10,2.0,20,4.0,83.3,75,15.0,268,54,298,60
Mike Drost,New York Empire,7,4,0.57,1,0.14,6,0.86,11,1.57,30,4.29,100.0,119,17.0,375,54,-35,-5
Kainoa Chun Moy,New York Empire,3,1,0.33,4,1.33,1,0.33,4,1.33,18,6.0,90.0,42,14.0,266,89,197,66
TJ Stanton,New York Empire,4,2,0.5,0,0.0,2,0.5,3,0.75,2,0.5,100.0,38,9.5,60,15,-11,-3
Ryan Holmes,New York Empire,6,3,0.5,1,0.17,2,0.33,4,0.67,6,1.0,75.0,76,12.67,176,29,25,4
Solomon Rueschemeyer-Bailey,New York Empire,7,6,0.86,5,0.71,0,0.0,4,0.57,216,30.86,97.3,126,18.0,183,26,1648,235
Josue Alorro,New York Empire,4,0,0.0,3,0.75,1,0.25,2,0.5,26,6.5,92.9,61,15.25,83,21,154,39
Matt LaBar,New York Empire,4,0,0.0,2,0.5,0,0.0,2,0.5,6,1.5,100.0,32,8.0,41,10,55,14
Sam Feder,New York Empire,7,3,0.43,2,0.29,1,0.14,2,0.29,31,4.43,88.6,94,13.43,322,46,106,15
Angelo Olcese,New York Empire,5,0,0.0,1,0.2,0,0.0,1,0.2,16,3.2,100.0,45,9.0,39,8,117,23
Joe Ouellette,New York Empire,5,2,0.4,0,0.0,0,0.0,1,0.2,3,0.6,75.0,42,8.4,49,10,33,7
Noriaki To,New York Empire,2,0,0.0,0,0.0,0,0.0,0,0.0,7,3.5,100.0,19,9.5,58,29,58,29
Ben Nelson,New York Empire,1,0,0.0,0,0.0,0,0.0,0,0.0,3,3.0,100.0,13,13.0,-9,-9,43,43
Matt Weintraub,New York Empire,6,0,0.0,2,0.33,0,0.0,0,0.0,47,7.83,95.9,68,11.33,-133,-22,497,83
Elias Griffin,New York Empire,1,0,0.0,0,0.0,0,0.0,0,0.0,0,0.0,0.0,5,5.0,0,0,0,0
Matt LeMar,New York Empire,7,1,0.14,4,0.57,0,0.0,-1,-0.14,54,7.71,90.0,101,14.43,62,9,564,81
Ben Katz,New York Empire,5,2,0.4,8,1.6,3,0.6,-1,-0.2,105,21.0,88.2,102,20.4,219,44,1203,241
Ryan Weaver,New York Empire,4,0,0.0,1,0.25,2,0.5,-2,-0.5,78,19.5,94.0,53,13.25,195,49,481,120
Danny Landesman,Los Angeles Aviators,5,21,4.2,10,2.0,2,0.4,26,5.2,100,20.0,94.3,96,19.2,1371,274,423,85
Sean McDougall,Los Angeles Aviators,9,31,3.44,19,2.11,13,1.44,44,4.89,115,12.78,87.8,202,22.44,2215,246,844,94
Seamus Robinson,Los Angeles Aviators,1,2,2.0,0,0.0,2,2.0,4,4.0,6,6.0,100.0,20,20.0,35,35,14,14
Marcel Osborne,Los Angeles Aviators,6,14,2.33,10,1.67,1,0.17,17,2.83,76,12.67,92.7,122,20.33,1039,173,494,82
Sam Cook,Los Angeles Aviators,8,13,1.63,15,1.88,2,0.25,21,2.63,166,20.75,95.4,161,20.13,1208,151,1166,146
Kenrick Koo,Los Angeles Aviators,8,8,1.0,16,2.0,8,1.0,21,2.63,148,18.5,93.7,166,20.75,1041,130,1232,154
Matt Miller,Los Angeles Aviators,8,4,0.5,8,1.0,5,0.63,15,1.88,105,13.13,98.1,131,16.38,173,22,598,75
Michael Kiyoi,Los Angeles Aviators,9,14,1.56,12,1.33,3,0.33,16,1.78,138,15.33,94.5,165,18.33,1004,112,891,99
Seamus Robinson,Los Angeles Aviators,6,5,0.83,4,0.67,8,1.33,10,1.67,46,7.67,88.5,108,18.0,581,97,164,27
Wayne Lu,Los Angeles Aviators,2,1,0.5,0,0.0,4,2.0,3,1.5,0,0.0,0.0,18,9.0,37,19,0,0
Calvin Brown,Los Angeles Aviators,7,13,1.86,22,3.14,9,1.29,8,1.14,242,34.57,87.4,149,21.29,819,117,2336,334
Jake Baumer,Los Angeles Aviators,3,1,0.33,1,0.33,1,0.33,3,1.0,5,1.67,100.0,19,6.33,67,22,50,17
Walter Kasprzycki,Los Angeles Aviators,1,0,0.0,2,2.0,1,1.0,1,1.0,4,4.0,80.0,18,18.0,66,66,38,38
Garrett Santi,Los Angeles Aviators,2,2,1.0,1,0.5,1,0.5,2,1.0,6,3.0,75.0,26,13.0,72,36,28,14
Mitchell Steiner,Los Angeles Aviators,9,6,0.67,6,0.67,5,0.56,8,0.89,75,8.33,91.5,148,16.44,640,71,397,44
Sam Plasman,Los Angeles Aviators,5,3,0.6,0,0.0,2,0.4,4,0.8,10,2.0,90.9,51,10.2,224,45,60,12
Brandon Van Deusen,Los Angeles Aviators,6,3,0.5,5,0.83,1,0.17,3,0.5,70,11.67,93.3,76,12.67,505,84,270,45
Nate Ransom,Los Angeles Aviators,8,5,0.63,5,0.63,5,0.63,4,0.5,60,7.5,85.7,120,15.0,231,29,302,38
Andrew Padula,Los Angeles Aviators,9,4,0.44,0,0.0,5,0.56,4,0.44,75,8.33,93.8,153,17.0,343,38,189,21
Collin Gall,Los Angeles Aviators,9,4,0.44,10,1.11,1,0.11,4,0.44,192,21.33,94.6,172,19.11,-44,-5,1394,155
Ian Ladner,Los Angeles Aviators,5,2,0.4,0,0.0,0,0.0,2,0.4,16,3.2,100.0,24,4.8,50,10,54,11
Ricky Kirkpatrick,Los Angeles Aviators,6,1,0.17,0,0.0,2,0.33,2,0.33,4,0.67,100.0,29,4.83,57,10,-8,-1
Kevin Goldberg,Los Angeles Aviators,4,0,0.0,1,0.25,1,0.25,1,0.25,15,3.75,100.0,27,6.75,81,20,55,14
Eddie Finley,Los Angeles Aviators,5,0,0.0,0,0.0,2,0.4,1,0.2,4,0.8,80.0,33,6.6,54,11,6,1
Tim Predmore,Los Angeles Aviators,1,0,0.0,0,0.0,0,0.0,0,0.0,0,0.0,0.0,3,3.0,0,0,0,0
Robby Odum,Los Angeles Aviators,3,0,0.0,0,0.0,0,0.0,0,0.0,2,0.67,100.0,13,4.33,8,3,9,3
Nate Kirchhofer,Los Angeles Aviators,2,0,0.0,1,0.5,0,0.0,0,0.0,8,4.0,88.9,17,8.5,-23,-12,146,73
Xavier Charles,Los Angeles Aviators,5,0,0.0,0,0.0,0,0.0,0,0.0,0,0.0,0.0,26,5.2,15,3,0,0
Jake Coleman,Los Angeles Aviators,2,0,0.0,0,0.0,0,0.0,0,0.0,2,1.0,100.0,10,5.0,12,6,0,0
Kyle Johnson,Los Angeles Aviators,7,1,0.14,0,0.0,0,0.0,-1,-0.14,6,0.86,85.7,64,9.14,128,18,23,3
Kyle Conniff,Los Angeles Aviators,4,0,0.0,0,0.0,0,0.0,-1,-0.25,2,0.5,100.0,22,5.5,3,1,32,8
Sam Fontaine,Los Angeles Aviators,9,7,0.78,17,1.89,2,0.22,-4,-0.44,283,31.44,91.3,168,18.67,1126,125,1948,216
Tim Predmore,Los Angeles Aviators,2,0,0.0,0,0.0,0,0.0,-1,-0.5,1,0.5,100.0,5,2.5,20,10,5,3
Zubair Abdulla,Los Angeles Aviators,2,0,0.0,0,0.0,0,0.0,-1,-0.5,14,7.0,93.3,16,8.0,27,14,63,32
Matt Theologidy,Los Angeles Aviators,1,0,0.0,0,0.0,0,0.0,-1,-1.0,8,8.0,88.9,10,10.0,43,43,41,41
Kegan Carroll,Los Angeles Aviators,1,0,0.0,0,0.0,0,0.0,-1,-1.0,0,0.0,0.0,3,3.0,0,0,0,0
Jake Steen,Seattle Cascades,5,18,3.6,1,0.2,1,0.2,15,3.0,40,8.0,95.2,97,19.4,1049,210,104,21
Tarik Akyuz,Seattle Cascades,8,14,1.75,9,1.13,5,0.63,20,2.5,75,9.38,91.5,136,17.0,1168,146,376,47
Brad Houser,Seattle Cascades,6,11,1.83,11,1.83,2,0.33,14,2.33,88,14.67,91.7,114,19.0,1288,215,881,147
Garrett Martin,Seattle Cascades,9,3,0.33,18,2.0,10,1.11,21,2.33,109,12.11,92.4,166,18.44,367,41,1156,128
Martin Le,Seattle Cascades,6,9,1.5,4,0.67,2,0.33,12,2.0,42,7.0,97.7,68,11.33,481,80,225,38
Manuel Eckert,Seattle Cascades,9,9,1.0,32,3.56,3,0.33,17,1.89,417,46.33,94.6,201,22.33,1537,171,2625,292
Austin Barden,Seattle Cascades,7,11,1.57,4,0.57,3,0.43,13,1.86,40,5.71,93.0,104,14.86,701,100,317,45
Nick Mahan,Seattle Cascades,10,5,0.5,4,0.4,10,1.0,17,1.7,35,3.5,100.0,149,14.9,569,57,289,29
Jack Brown,Seattle Cascades,10,15,1.5,6,0.6,7,0.7,17,1.7,109,10.9,94.8,173,17.3,1702,170,355,36
Dominic Jacobs,Seattle Cascades,9,10,1.11,1,0.11,5,0.56,14,1.56,17,1.89,100.0,116,12.89,429,48,145,16
Spencer Lofink,Seattle Cascades,2,3,1.5,2,1.0,1,0.5,3,1.5,19,9.5,90.5,32,16.0,187,94,67,34
Shane Worthington,Seattle Cascades,10,10,1.0,8,0.8,15,1.5,15,1.5,70,7.0,82.4,173,17.3,1048,105,810,81
David Zhou,Seattle Cascades,4,4,1.0,2,0.5,1,0.25,6,1.5,11,2.75,91.7,51,12.75,91,23,152,38
Tony Venneri,Seattle Cascades,3,1,0.33,0,0.0,5,1.67,4,1.33,25,8.33,92.6,50,16.67,98,33,172,57
Chris Bubernak,Seattle Cascades,6,7,1.17,0,0.0,4,0.67,8,1.33,9,1.5,81.8,81,13.5,273,46,57,10
Brian Roach,Seattle Cascades,6,4,0.67,5,0.83,2,0.33,7,1.17,25,4.17,89.3,82,13.67,294,49,290,48
Kenny Lane III,Seattle Cascades,7,6,0.86,7,1.0,2,0.29,8,1.14,71,10.14,94.7,94,13.43,366,52,577,82
Aidan Lopez-Escarez,Seattle Cascades,8,7,0.88,5,0.63,7,0.88,9,1.13,25,3.13,73.5,105,13.13,633,79,336,42
Michael Brisbois,Seattle Cascades,10,7,0.7,8,0.8,1,0.1,10,1.0,56,5.6,91.8,140,14.0,781,78,153,15
Ben Snell,Seattle Cascades,2,4,2.0,6,3.0,0,0.0,2,1.0,75,37.5,92.6,43,21.5,365,183,736,368
Adam Simon,Seattle Cascades,6,3,0.5,11,1.83,2,0.33,6,1.0,134,22.33,93.1,93,15.5,472,79,990,165
Leander Ramirez,Seattle Cascades,5,2,0.4,1,0.2,3,0.6,4,0.8,18,3.6,90.0,58,11.6,237,47,40,8
Mark Burton,Seattle Cascades,8,11,1.38,16,2.0,1,0.13,6,0.75,235,29.38,91.8,145,18.13,1013,127,1502,188
Marc Munoz,Seattle Cascades,9,12,1.33,13,1.44,2,0.22,6,0.67,140,15.56,87.5,142,15.78,771,86,1210,134
Jeff Zhao,Seattle Cascades,6,0,0.0,5,0.83,2,0.33,3,0.5,68,11.33,95.8,83,13.83,92,15,551,92
Dennis Casio,Seattle Cascades,10,3,0.3,11,1.1,0,0.0,2,0.2,281,28.1,95.9,179,17.9,-19,-2,1523,152
Tommy Lin,Seattle Cascades,9,2,0.22,2,0.22,1,0.11,1,0.11,44,4.89,93.6,114,12.67,60,7,253,28
Ryan Sturm,Seattle Cascades,1,0,0.0,0,0.0,0,0.0,0,0.0,3,3.0,100.0,15,15.0,7,7,3,3
Peter Johnson,Seattle Cascades,1,0,0.0,0,0.0,0,0.0,0,0.0,0,0.0,0.0,12,12.0,0,0,0,0
Zack Smith,Seattle Cascades,6,1,0.17,0,0.0,0,0.0,-4,-0.67,25,4.17,83.3,74,12.33,60,10,132,22
Otis Williams,Seattle Cascades,1,0,0.0,0,0.0,1,1.0,-2,-2.0,7,7.0,70.0,11,11.0,27,27,68,68
Tanner Halkyard,Boston Glory,6,22,3.67,21,3.5,9,1.5,42,7.0,97,16.17,93.3,142,23.67,1734,289,734,122
Topher Davis,Boston Glory,2,9,4.5,5,2.5,1,0.5,13,6.5,26,13.0,96.3,40,20.0,441,221,304,152
Benjamin Sadok,Boston Glory,7,21,3.0,27,3.86,1,0.14,31,4.43,323,46.14,94.7,170,24.29,1766,252,2494,356
Gustav Haflin,Boston Glory,7,12,1.71,7,1.0,8,1.14,25,3.57,39,5.57,97.5,141,20.14,627,90,245,35
Chris Bartoli,Boston Glory,5,11,2.2,2,0.4,6,1.2,16,3.2,9,1.8,81.8,95,19.0,422,84,73,15
Tannor Johnson,Boston Glory,1,3,3.0,2,2.0,0,0.0,3,3.0,19,19.0,90.5,19,19.0,257,257,128,128
Josh Markette,Boston Glory,2,4,2.0,4,2.0,0,0.0,6,3.0,43,21.5,97.7,33,16.5,236,118,229,115
Nick Thompson,Boston Glory,5,14,2.8,2,0.4,2,0.4,15,3.0,57,11.4,96.6,90,18.0,870,174,319,64
Henry Babcock,Boston Glory,7,9,1.29,20,2.86,2,0.29,20,2.86,245,35.0,95.7,153,21.86,975,139,1709,244
Cole Davis-Brand,Boston Glory,2,1,0.5,4,2.0,1,0.5,4,2.0,26,13.0,92.9,31,15.5,123,62,236,118
Orion Cable,Boston Glory,3,7,2.33,2,0.67,2,0.67,6,2.0,35,11.67,92.1,64,21.33,660,220,198,66
Nick Patel,Boston Glory,1,2,2.0,1,1.0,1,1.0,2,2.0,11,11.0,84.6,22,22.0,98,98,107,107
Ryan Turner,Boston Glory,2,3,1.5,3,1.5,0,0.0,4,2.0,14,7.0,93.3,36,18.0,176,88,49,25
Willie Stewart,Boston Glory,7,6,0.86,9,1.29,3,0.43,13,1.86,140,20.0,96.6,166,23.71,734,105,1023,146
Brendan McCann,Boston Glory,5,4,0.8,7,1.4,4,0.8,9,1.8,75,15.0,92.6,111,22.2,404,81,493,99
Ian Engler,Boston Glory,4,3,0.75,8,2.0,1,0.25,7,1.75,161,40.25,97.0,83,20.75,698,175,1292,323
Braden Eberhard,Boston Glory,4,5,1.25,3,0.75,2,0.5,7,1.75,54,13.5,98.2,75,18.75,178,45,376,94
Dean Bullock,Boston Glory,7,5,0.71,0,0.0,9,1.29,12,1.71,16,2.29,88.9,119,17.0,401,57,74,11
Eugene L'Heureux,Boston Glory,7,3,0.43,6,0.86,4,0.57,11,1.57,34,4.86,94.4,97,13.86,320,46,405,58
Ryan Woodhouse,Boston Glory,7,1,0.14,1,0.14,7,1.0,8,1.14,11,1.57,91.7,89,12.71,165,24,62,9
Ivan Tran,Boston Glory,6,3,0.5,2,0.33,1,0.17,6,1.0,12,2.0,100.0,87,14.5,136,23,63,11
Pat Barron,Boston Glory,3,2,0.67,1,0.33,1,0.33,3,1.0,17,5.67,100.0,50,16.67,133,44,65,22
Brian Wyer,Boston Glory,1,0,0.0,0,0.0,2,2.0,1,1.0,4,4.0,100.0,14,14.0,39,39,3,3
Cole Moore,Boston Glory,5,1,0.2,8,1.6,1,0.2,4,0.8,36,7.2,87.8,81,16.2,432,86,275,55
Ethan Fortin,Boston Glory,4,2,0.5,2,0.5,3,0.75,3,0.75,28,7.0,87.5,64,16.0,149,37,157,39
Jake Taylor,Boston Glory,4,3,0.75,3,0.75,1,0.25,3,0.75,50,12.5,92.6,46,11.5,109,27,461,115
Ilya Yudkovich,Boston Glory,7,3,0.43,8,1.14,2,0.29,5,0.71,96,13.71,95.0,135,19.29,162,23,628,90
Jonah Kurman-Faber,Boston Glory,7,4,0.57,6,0.86,0,0.0,4,0.57,77,11.0,92.8,115,16.43,319,46,497,71
Mike Miller,Boston Glory,1,0,0.0,0,0.0,0,0.0,0,0.0,0,0.0,0.0,5,5.0,0,0,0,0
Michael Dillard,Boston Glory,1,0,0.0,0,0.0,0,0.0,0,0.0,2,2.0,100.0,9,9.0,-5,-5,17,17
Noah Backer,Boston Glory,1,1,1.0,0,0.0,1,1.0,0,0.0,14,14.0,87.5,14,14.0,29,29,137,137
Alex Donadio,Boston Glory,2,0,0.0,0,0.0,0,0.0,-1,-0.5,5,2.5,83.3,22,11.0,8,4,5,3
Kuochuan Ponzio,Boston Glory,2,0,0.0,0,0.0,0,0.0,-1,-0.5,4,2.0,80.0,25,12.5,23,12,10,5
Maxwell Rick,Boston Glory,3,0,0.0,0,0.0,0,0.0,-2,-0.67,6,2.0,75.0,28,9.33,41,14,14,5
Jay Talerman,Boston Glory,1,0,0.0,0,0.0,0,0.0,-1,-1.0,1,1.0,100.0,2,2.0,1,1,-5,-5
Alex Donadio,Boston Glory,1,0,0.0,0,0.0,0,0.0,-1,-1.0,2,2.0,66.7,19,19.0,16,16,-5,-5
Greg Martin,Philadelphia Phoenix,9,38,4.22,11,1.22,4,0.44,46,5.11,122,13.56,96.8,175,19.44,2346,261,171,19
Casey Thornton,Philadelphia Phoenix,1,2,2.0,1,1.0,0,0.0,3,3.0,33,33.0,100.0,19,19.0,148,148,95,95
Sean Mott,Philadelphia Phoenix,9,16,1.78,27,3.0,2,0.22,26,2.89,310,34.44,94.5,194,21.56,1771,197,2151,239
Mike Arcata,Philadelphia Phoenix,9,9,1.0,31,3.44,3,0.33,21,2.33,189,21.0,90.4,159,17.67,1651,183,1783,198
Nate Little,Philadelphia Phoenix,9,9,1.0,2,0.22,8,0.89,14,1.56,14,1.56,82.4,111,12.33,425,47,108,12
Marc Sands,Philadelphia Phoenix,4,6,1.5,6,1.5,2,0.5,6,1.5,74,18.5,90.2,70,17.5,621,155,486,122
Eric Witmer,Philadelphia Phoenix,9,8,0.89,7,0.78,6,0.67,13,1.44,61,6.78,91.0,156,17.33,688,76,641,71
Paul Owens,Philadelphia Phoenix,9,9,1.0,7,0.78,2,0.22,13,1.44,115,12.78,96.6,156,17.33,468,52,826,92
Brandon Pastor,Philadelphia Phoenix,7,7,1.0,2,0.29,2,0.29,10,1.43,27,3.86,96.4,97,13.86,463,66,97,14
Colin Masino,Philadelphia Phoenix,8,1,0.13,4,0.5,9,1.13,11,1.38,33,4.13,91.7,126,15.75,244,31,159,20
Alex Thorne,Philadelphia Phoenix,6,6,1.0,12,2.0,0,0.0,8,1.33,216,36.0,95.6,110,18.33,637,106,1512,252
Brandon Lamberty,Philadelphia Phoenix,1,0,0.0,1,1.0,2,2.0,1,1.0,8,8.0,80.0,14,14.0,5,5,26,26
Scott Heyman,Philadelphia Phoenix,9,8,0.89,6,0.67,3,0.33,9,1.0,77,8.56,92.8,145,16.11,842,94,493,55
Jake Butrica,Philadelphia Phoenix,8,5,0.63,8,1.0,3,0.38,8,1.0,84,10.5,91.3,98,12.25,269,34,570,71
Dustin Damiano,Philadelphia Phoenix,8,2,0.25,16,2.0,0,0.0,7,0.88,346,43.25,96.9,152,19.0,265,33,2849,356
James Pollard,Philadelphia Phoenix,7,3,0.43,3,0.43,5,0.71,6,0.86,32,4.57,86.5,85,12.14,302,43,368,53
Matt Hanna,Philadelphia Phoenix,7,8,1.14,2,0.29,0,0.0,5,0.71,67,9.57,93.1,104,14.86,1082,155,129,18
Matt Esser,Philadelphia Phoenix,6,3,0.5,2,0.33,1,0.17,4,0.67,27,4.5,96.4,75,12.5,154,26,164,27
Matthew Glazer,Philadelphia Phoenix,5,8,1.6,3,0.6,0,0.0,3,0.6,65,13.0,94.2,77,15.4,743,149,196,39
Nicholas DiGiorgio,Philadelphia Phoenix,8,5,0.63,1,0.13,3,0.38,3,0.38,31,3.88,88.6,100,12.5,336,42,132,17
Eric Nardelli,Philadelphia Phoenix,9,6,0.67,3,0.33,5,0.56,2,0.22,106,11.78,90.6,149,16.56,319,35,636,71
Allan Michel,Philadelphia Phoenix,9,0,0.0,2,0.22,3,0.33,2,0.22,33,3.67,97.1,101,11.22,274,30,25,3
Austin Lillis,Philadelphia Phoenix,2,0,0.0,0,0.0,0,0.0,0,0.0,12,6.0,100.0,20,10.0,-16,-8,84,42
Jimi O'Connell,Philadelphia Phoenix,2,0,0.0,0,0.0,0,0.0,0,0.0,3,1.5,100.0,17,8.5,5,3,-7,-4
Matthew Ballman,Philadelphia Phoenix,1,0,0.0,0,0.0,0,0.0,0,0.0,1,1.0,100.0,11,11.0,20,20,11,11
Max Charles,Philadelphia Phoenix,7,3,0.43,7,1.0,0,0.0,0,0.0,124,17.71,92.5,101,14.43,570,81,856,122
Connor Boyle,Philadelphia Phoenix,1,1,1.0,0,0.0,0,0.0,0,0.0,9,9.0,90.0,6,6.0,-12,-12,52,52
Ian Dietrich,Philadelphia Phoenix,4,0,0.0,0,0.0,1,0.25,-1,-0.25,15,3.75,88.2,55,13.75,97,24,29,7
Matt Ellis,Philadelphia Phoenix,5,1,0.2,0,0.0,1,0.2,-3,-0.6,15,3.0,75.0,37,7.4,15,3,108,22
Andrew Seibert,Philadelphia Phoenix,1,0,0.0,0,0.0,1,1.0,-1,-1.0,0,0.0,0.0,10,10.0,10,10,0,0
Cameron Brock,Indianapolis AlleyCats,3,10,3.33,6,2.0,1,0.33,12,4.0,90,30.0,95.7,74,24.67,843,281,599,200
Levi Jacobs,Indianapolis AlleyCats,10,25,2.5,28,2.8,2,0.2,37,3.7,197,19.7,92.9,215,21.5,2744,274,1764,176
Rick Gross,Indianapolis AlleyCats,9,17,1.89,29,3.22,4,0.44,33,3.67,257,28.56,94.8,215,23.89,1941,216,1820,202
Xavier Payne,Indianapolis AlleyCats,10,12,1.2,24,2.4,15,1.5,35,3.5,518,51.8,97.2,263,26.3,16,2,3079,308
Alex Mcclure,Indianapolis AlleyCats,3,2,0.67,1,0.33,6,2.0,9,3.0,7,2.33,100.0,37,12.33,149,50,22,7
Corey Hardesty,Indianapolis AlleyCats,6,11,1.83,3,0.5,3,0.5,17,2.83,31,5.17,100.0,93,15.5,579,97,260,43
Travis Carpenter,Indianapolis AlleyCats,9,13,1.44,29,3.22,2,0.22,25,2.78,440,48.89,96.1,217,24.11,1616,180,3122,347
Cody Curran,Indianapolis AlleyCats,11,14,1.27,8,0.73,7,0.64,24,2.18,63,5.73,94.0,159,14.45,835,76,290,26
Conner Henderson,Indianapolis AlleyCats,9,10,1.11,13,1.44,5,0.56,17,1.89,187,20.78,96.4,147,16.33,818,91,1234,137
Joshua Venegas,Indianapolis AlleyCats,10,6,0.6,1,0.1,11,1.1,16,1.6,11,1.1,91.7,125,12.5,120,12,78,8
Kyle Romard,Indianapolis AlleyCats,10,17,1.7,7,0.7,2,0.2,16,1.6,150,15.0,94.9,211,21.1,2020,202,632,63
Jacob Fella,Indianapolis AlleyCats,6,5,0.83,1,0.17,10,1.67,9,1.5,28,4.67,82.4,120,20.0,503,84,48,8
Chris Walsh,Indianapolis AlleyCats,9,14,1.56,13,1.44,3,0.33,12,1.33,254,28.22,94.1,164,18.22,1080,120,1972,219
Trey Dynes,Indianapolis AlleyCats,11,19,1.73,6,0.55,4,0.36,14,1.27,124,11.27,91.9,201,18.27,1630,148,386,35
Danny Khoe,Indianapolis AlleyCats,4,1,0.25,2,0.5,2,0.5,5,1.25,12,3.0,100.0,44,11.0,103,26,68,17
Mason Zetsch,Indianapolis AlleyCats,11,7,0.64,5,0.45,4,0.36,11,1.0,32,2.91,86.5,145,13.18,556,51,248,23
Lucas Coniaris,Indianapolis AlleyCats,7,12,1.71,6,0.86,1,0.14,7,1.0,100,14.29,91.7,133,19.0,1126,161,263,38
Nicholas Betsch,Indianapolis AlleyCats,3,1,0.33,1,0.33,2,0.67,3,1.0,9,3.0,90.0,21,7.0,84,28,75,25
Michael Finke,Indianapolis AlleyCats,3,2,0.67,0,0.0,1,0.33,2,0.67,13,4.33,100.0,30,10.0,99,33,-2,-1
Jeffery Schubert,Indianapolis AlleyCats,3,1,0.33,1,0.33,1,0.33,2,0.67,7,2.33,100.0,19,6.33,37,12,33,11
Eli Mock,Indianapolis AlleyCats,4,2,0.5,0,0.0,1,0.25,2,0.5,4,1.0,80.0,31,7.75,70,18,7,2
Nick Phillips,Indianapolis AlleyCats,11,3,0.27,2,0.18,1,0.09,5,0.45,8,0.73,88.9,111,10.09,182,17,28,3
Michael Ames,Indianapolis AlleyCats,9,4,0.44,5,0.56,2,0.22,4,0.44,62,6.89,93.9,110,12.22,197,22,444,49
Nick Hutton,Indianapolis AlleyCats,10,3,0.3,6,0.6,6,0.6,4,0.4,46,4.6,83.6,146,14.6,187,19,596,60
Chris Ginet,Indianapolis AlleyCats,9,2,0.22,3,0.33,0,0.0,3,0.33,42,4.67,95.5,101,11.22,37,4,234,26
Carter Rae,Indianapolis AlleyCats,10,1,0.1,14,1.4,4,0.4,3,0.3,92,9.2,86.0,123,12.3,263,26,842,84
Alex Hamilton,Indianapolis AlleyCats,7,1,0.14,0,0.0,3,0.43,2,0.29,4,0.57,80.0,73,10.43,128,18,-13,-2
Kevin Deangelis,Indianapolis AlleyCats,6,1,0.17,1,0.17,3,0.5,1,0.17,7,1.17,63.6,60,10.0,84,14,87,15
Karl Kingma,Indianapolis AlleyCats,2,0,0.0,0,0.0,0,0.0,0,0.0,0,0.0,0.0,10,5.0,8,4,0,0
Dan Cunningham,Indianapolis AlleyCats,5,0,0.0,1,0.2,0,0.0,0,0.0,10,2.0,90.9,51,10.2,77,15,43,9
Jace Bruner,San Jose Spiders,3,8,2.67,0,0.0,5,1.67,13,4.33,11,3.67,100.0,38,12.67,374,125,8,3
Jordan Kerr,San Jose Spiders,8,17,2.13,17,2.13,10,1.25,29,3.63,216,27.0,95.2,199,24.88,1398,175,2076,260
Shane Earley,San Jose Spiders,6,12,2.0,5,0.83,4,0.67,16,2.67,39,6.5,90.7,102,17.0,836,139,291,49
Jake Thorne,San Jose Spiders,5,7,1.4,5,1.0,4,0.8,13,2.6,44,8.8,95.7,82,16.4,500,100,238,48
Andrew Moore,San Jose Spiders,8,19,2.38,14,1.75,2,0.25,19,2.38,131,16.38,90.3,173,21.63,1674,209,744,93
Sawyer Thompson,San Jose Spiders,8,16,2.0,21,2.63,3,0.38,19,2.38,117,14.63,86.7,179,22.38,1975,247,1054,132
Kevin Tien,San Jose Spiders,6,5,0.83,6,1.0,7,1.17,14,2.33,19,3.17,82.6,85,14.17,382,64,86,14
Keenan Laurence,San Jose Spiders,7,11,1.57,10,1.43,6,0.86,16,2.29,71,10.14,88.8,122,17.43,1139,163,677,97
Jackson Stearns,San Jose Spiders,2,1,0.5,2,1.0,2,1.0,3,1.5,7,3.5,77.8,21,10.5,154,77,86,43
Mark Lin,San Jose Spiders,2,2,1.0,6,3.0,1,0.5,3,1.5,58,29.0,90.6,45,22.5,293,147,666,333
Munis Thahir,San Jose Spiders,8,9,1.13,3,0.38,2,0.25,11,1.38,31,3.88,100.0,117,14.63,508,64,160,20
Marcelo Sanchez,San Jose Spiders,3,3,1.0,6,2.0,3,1.0,4,1.33,52,17.33,89.7,67,22.33,443,148,593,198
Justin Norden,San Jose Spiders,6,5,0.83,24,4.0,1,0.17,7,1.17,254,42.33,92.4,141,23.5,798,133,2003,334
Brandon Fein,San Jose Spiders,6,2,0.33,1,0.17,5,0.83,7,1.17,13,2.17,92.9,77,12.83,100,17,51,9
Jacob Miller,San Jose Spiders,6,4,0.67,0,0.0,7,1.17,7,1.17,21,3.5,95.5,88,14.67,297,50,66,11
Steven Chang,San Jose Spiders,6,5,0.83,5,0.83,0,0.0,6,1.0,74,12.33,94.9,75,12.5,231,39,663,111
Matthew Crawford,San Jose Spiders,7,0,0.0,8,1.14,2,0.29,7,1.0,71,10.14,95.9,89,12.71,121,17,497,71
Ryan Sheppard,San Jose Spiders,2,2,1.0,0,0.0,0,0.0,2,1.0,1,0.5,100.0,13,6.5,42,21,1,1
Chris Lung,San Jose Spiders,5,0,0.0,7,1.4,2,0.4,5,1.0,50,10.0,92.6,84,16.8,-69,-14,612,122
Joe Thompson,San Jose Spiders,1,1,1.0,0,0.0,0,0.0,1,1.0,2,2.0,100.0,7,7.0,29,29,19,19
Colin Grant,San Jose Spiders,5,1,0.2,3,0.6,3,0.6,4,0.8,21,4.2,95.5,57,11.4,211,42,60,12
Ben Levinsky,San Jose Spiders,5,2,0.4,1,0.2,3,0.6,3,0.6,19,3.8,90.5,70,14.0,136,27,153,31
Evan Magsig,San Jose Spiders,4,1,0.25,0,0.0,2,0.5,2,0.5,15,3.75,93.8,40,10.0,98,25,-5,-1
Phil Chang,San Jose Spiders,3,0,0.0,1,0.33,1,0.33,1,0.33,9,3.0,90.0,35,11.67,-17,-6,83,28
Scott Xu,San Jose Spiders,3,5,1.67,1,0.33,2,0.67,1,0.33,55,18.33,91.7,51,17.0,173,58,292,97
Max Williams,San Jose Spiders,6,2,0.33,0,0.0,2,0.33,2,0.33,6,1.0,100.0,77,12.83,148,25,29,5
Skylohr Taylor,San Jose Spiders,5,1,0.2,1,0.2,0,0.0,1,0.2,15,3.0,93.8,47,9.4,67,13,26,5
Benjamin Sokolowsky,San Jose Spiders,2,0,0.0,1,0.5,0,0.0,0,0.0,18,9.0,94.7,16,8.0,5,3,90,45
Ben Petrowski,San Jose Spiders,2,1,0.5,0,0.0,0,0.0,0,0.0,5,2.5,100.0,19,9.5,73,37,-40,-20
Rafael Castro,San Jose Spiders,1,0,0.0,0,0.0,0,0.0,0,0.0,0,0.0,0.0,11,11.0,0,0,0,0
Matthew Kissmann,San Jose Spiders,8,5,0.63,4,0.5,2,0.25,-1,-0.13,181,22.63,94.3,169,21.13,-35,-4,875,109
Alex Pien,San Jose Spiders,5,2,0.4,0,0.0,1,0.2,-1,-0.2,4,0.8,50.0,43,8.6,99,20,23,5
Satoru Ishii,San Jose Spiders,3,0,0.0,0,0.0,0,0.0,-3,-1.0,5,1.67,83.3,24,8.0,0,0,68,23
Ken Noh,San Jose Spiders,2,0,0.0,0,0.0,0,0.0,-5,-2.5,20,10.0,83.3,17,8.5,18,9,122,61
Nick Boucher,Ottawa Outlaws,2,6,3.0,13,6.5,4,2.0,18,9.0,100,50.0,95.2,52,26.0,561,281,1230,615
Alec Arsenault,Ottawa Outlaws,2,10,5.0,6,3.0,0,0.0,13,6.5,43,21.5,93.5,47,23.5,628,314,368,184
Mike Lee,Ottawa Outlaws,1,1,1.0,5,5.0,0,0.0,6,6.0,17,17.0,100.0,14,14.0,137,137,214,214
David Colic,Ottawa Outlaws,2,9,4.5,2,1.0,2,1.0,9,4.5,16,8.0,80.0,44,22.0,632,316,172,86
Jeremy Hill,Ottawa Outlaws,2,7,3.5,5,2.5,1,0.5,9,4.5,27,13.5,87.1,48,24.0,522,261,262,131
Paul Renaud,Ottawa Outlaws,2,6,3.0,1,0.5,2,1.0,8,4.0,28,14.0,100.0,39,19.5,529,265,97,49
Ryan Poloz,Ottawa Outlaws,2,2,1.0,5,2.5,0,0.0,7,3.5,58,29.0,100.0,39,19.5,203,102,549,275
Carson Turner,Ottawa Outlaws,2,2,1.0,2,1.0,5,2.5,7,3.5,22,11.0,91.7,46,23.0,111,56,223,112
Rhys Toogood,Ottawa Outlaws,2,2,1.0,3,1.5,1,0.5,5,2.5,32,16.0,97.0,33,16.5,34,17,226,113
Jake Lochhead,Ottawa Outlaws,1,0,0.0,3,3.0,0,0.0,2,2.0,16,16.0,94.1,17,17.0,68,68,236,236
Braedan Robinson,Ottawa Outlaws,1,0,0.0,1,1.0,1,1.0,2,2.0,4,4.0,100.0,12,12.0,74,74,17,17
Greg Ellis,Ottawa Outlaws,1,0,0.0,3,3.0,1,1.0,2,2.0,40,40.0,95.2,24,24.0,106,106,289,289
Jon Hallett,Ottawa Outlaws,2,2,1.0,1,0.5,1,0.5,3,1.5,5,2.5,83.3,27,13.5,93,47,-10,-5
Brandon Adibe,Ottawa Outlaws,2,2,1.0,1,0.5,1,0.5,3,1.5,3,1.5,100.0,38,19.0,63,32,-16,-8
Matt O'Brien,Ottawa Outlaws,2,3,1.5,0,0.0,0,0.0,2,1.0,12,6.0,92.3,46,23.0,186,93,5,3
Dan Benvenuti,Ottawa Outlaws,1,1,1.0,0,0.0,0,0.0,1,1.0,1,1.0,100.0,20,20.0,6,6,11,11
Erich Phang-Lynn,Ottawa Outlaws,1,0,0.0,0,0.0,1,1.0,1,1.0,1,1.0,100.0,15,15.0,0,0,13,13
Desmond Staples,Ottawa Outlaws,1,0,0.0,1,1.0,0,0.0,1,1.0,5,5.0,100.0,13,13.0,16,16,58,58
Bryce Ring,Ottawa Outlaws,1,0,0.0,0,0.0,0,0.0,0,0.0,5,5.0,100.0,16,16.0,11,11,-1,-1
Ian Wallace,Ottawa Outlaws,1,0,0.0,0,0.0,1,1.0,0,0.0,4,4.0,80.0,13,13.0,72,72,23,23
Cameron Kennedy,Ottawa Outlaws,1,0,0.0,0,0.0,0,0.0,0,0.0,0,0.0,0.0,11,11.0,0,0,0,0
Kyle Hunter,Ottawa Outlaws,1,0,0.0,1,1.0,0,0.0,0,0.0,5,5.0,83.3,15,15.0,7,7,60,60
Kyle Cantal,Ottawa Outlaws,2,0,0.0,0,0.0,0,0.0,0,0.0,4,2.0,100.0,29,14.5,12,6,20,10
Curtis Campbell,Ottawa Outlaws,2,0,0.0,0,0.0,0,0.0,-1,-0.5,1,0.5,50.0,24,12.0,20,10,0,0
Thomas Stanton,Ottawa Outlaws,1,0,0.0,0,0.0,1,1.0,-1,-1.0,1,1.0,33.3,14,14.0,11,11,10,10
Alex Cameron,Ottawa Outlaws,1,0,0.0,0,0.0,0,0.0,-1,-1.0,4,4.0,80.0,16,16.0,-22,-22,25,25
Jonah Munoz,Ottawa Outlaws,1,0,0.0,0,0.0,0,0.0,-2,-2.0,11,11.0,84.6,16,16.0,91,91,92,92
Max Sheppard,Pittsburgh Thunderbirds,8,26,3.25,24,3.0,4,0.5,38,4.75,164,20.5,92.1,183,22.88,2023,253,963,120
CJ Colicchio,Pittsburgh Thunderbirds,8,24,3.0,22,2.75,10,1.25,35,4.38,154,19.25,89.5,185,23.13,1908,239,1262,158
Jimmy Towle,Pittsburgh Thunderbirds,8,17,2.13,21,2.63,4,0.5,30,3.75,143,17.88,94.1,175,21.88,1756,220,935,117
Thomas Edmonds,Pittsburgh Thunderbirds,7,12,1.71,15,2.14,2,0.29,17,2.43,375,53.57,97.7,167,23.86,1491,213,1979,283
Anson Reppermund,Pittsburgh Thunderbirds,8,9,1.13,4,0.5,11,1.38,18,2.25,39,4.88,88.6,138,17.25,768,96,295,37
Connor Newell,Pittsburgh Thunderbirds,7,14,2.0,9,1.29,2,0.29,12,1.71,117,16.71,90.0,145,20.71,1131,162,634,91
Kenny Furdella,Pittsburgh Thunderbirds,2,2,1.0,2,1.0,1,0.5,3,1.5,45,22.5,97.8,30,15.0,58,29,376,188
Clint McSherry,Pittsburgh Thunderbirds,4,2,0.5,4,1.0,0,0.0,5,1.25,27,6.75,96.4,50,12.5,60,15,189,47
Steve Mogielski,Pittsburgh Thunderbirds,7,6,0.86,0,0.0,4,0.57,8,1.14,7,1.0,77.8,81,11.57,258,37,23,3
Myles Cooper,Pittsburgh Thunderbirds,6,1,0.17,0,0.0,6,1.0,6,1.0,11,1.83,100.0,68,11.33,75,13,16,3
Owen Watt,Pittsburgh Thunderbirds,5,6,1.2,7,1.4,3,0.6,5,1.0,40,8.0,81.6,94,18.8,588,118,527,105
Donald Robinson,Pittsburgh Thunderbirds,1,0,0.0,0,0.0,1,1.0,1,1.0,1,1.0,100.0,12,12.0,0,0,13,13
Pete Zaccardi,Pittsburgh Thunderbirds,8,6,0.75,6,0.75,5,0.63,6,0.75,196,24.5,94.7,152,19.0,273,34,912,114
Anthony Davis,Pittsburgh Thunderbirds,6,5,0.83,0,0.0,2,0.33,4,0.67,14,2.33,87.5,75,12.5,284,47,15,3
Thomas Hansen,Pittsburgh Thunderbirds,2,0,0.0,0,0.0,1,0.5,1,0.5,4,2.0,100.0,20,10.0,92,46,-29,-15
Adam Burgess,Pittsburgh Thunderbirds,4,4,1.0,4,1.0,2,0.5,2,0.5,118,29.5,94.4,88,22.0,208,52,489,122
Kevin O'Brien,Pittsburgh Thunderbirds,4,0,0.0,2,0.5,0,0.0,2,0.5,6,1.5,100.0,40,10.0,27,7,116,29
Tristan Yarter,Pittsburgh Thunderbirds,6,3,0.5,5,0.83,4,0.67,3,0.5,51,8.5,86.4,87,14.5,264,44,369,62
Clayton Carey,Pittsburgh Thunderbirds,2,0,0.0,0,0.0,1,0.5,1,0.5,1,0.5,100.0,20,10.0,5,3,14,7
Evan Howey,Pittsburgh Thunderbirds,2,0,0.0,0,0.0,1,0.5,1,0.5,4,2.0,100.0,23,11.5,47,24,5,3
Chris Graber,Pittsburgh Thunderbirds,5,2,0.4,1,0.2,1,0.2,2,0.4,4,0.8,66.7,74,14.8,175,35,4,1
Alan Gruntz,Pittsburgh Thunderbirds,6,2,0.33,1,0.17,0,0.0,1,0.17,3,0.5,60.0,68,11.33,50,8,13,2
Sam VanDusen,Pittsburgh Thunderbirds,8,4,0.5,16,2.0,4,0.5,1,0.13,129,16.13,85.4,178,22.25,693,87,1440,180
Benjamin Attal,Pittsburgh Thunderbirds,1,0,0.0,0,0.0,0,0.0,0,0.0,0,0.0,0.0,11,11.0,0,0,0,0
Patrick McMullen,Pittsburgh Thunderbirds,8,2,0.25,2,0.25,0,0.0,0,0.0,75,9.38,97.4,100,12.5,110,14,463,58
Josh Graber,Pittsburgh Thunderbirds,1,0,0.0,0,0.0,0,0.0,0,0.0,0,0.0,0.0,12,12.0,0,0,0,0
Nick Nagel,Pittsburgh Thunderbirds,2,0,0.0,0,0.0,0,0.0,0,0.0,0,0.0,0.0,23,11.5,6,3,0,0
Cam Bellando,Pittsburgh Thunderbirds,2,0,0.0,0,0.0,0,0.0,0,0.0,2,1.0,100.0,23,11.5,1,1,-4,-2
Sam Gabrielson,Pittsburgh Thunderbirds,3,0,0.0,0,0.0,0,0.0,0,0.0,9,3.0,100.0,36,12.0,25,8,19,6
Benjamin Thompsen,Pittsburgh Thunderbirds,1,0,0.0,0,0.0,0,0.0,0,0.0,0,0.0,0.0,10,10.0,0,0,0,0
Andrew Thompson,Pittsburgh Thunderbirds,4,0,0.0,0,0.0,0,0.0,-1,-0.25,2,0.5,66.7,42,10.5,16,4,3,1
Jonathan Mast,Pittsburgh Thunderbirds,4,1,0.25,5,1.25,0,0.0,-1,-0.25,228,57.0,97.0,91,22.75,-14,-4,1300,325
John Buss,Pittsburgh Thunderbirds,2,0,0.0,0,0.0,0,0.0,-1,-0.5,2,1.0,66.7,18,9.0,11,6,7,4
Harry Mcnamara,Pittsburgh Thunderbirds,7,2,0.29,1,0.14,1,0.14,-4,-0.57,57,8.14,93.4,98,14.0,158,23,286,41
Unmil Patel,Tampa Bay Cannons,8,17,2.13,7,0.88,6,0.75,28,3.5,51,6.38,96.2,154,19.25,1150,144,335,42
John Wodach,Tampa Bay Cannons,1,3,3.0,2,2.0,1,1.0,3,3.0,22,22.0,95.7,29,29.0,198,198,111,111
Matt Bode,Tampa Bay Cannons,5,7,1.4,4,0.8,4,0.8,12,2.4,62,12.4,96.9,91,18.2,529,106,374,75
Andrew Roney,Tampa Bay Cannons,7,12,1.71,28,4.0,9,1.29,15,2.14,306,43.71,90.3,165,23.57,1115,159,2598,371
Tanner Repasky,Tampa Bay Cannons,1,0,0.0,3,3.0,0,0.0,2,2.0,12,12.0,100.0,18,18.0,81,81,67,67
Ryan Chard,Tampa Bay Cannons,9,17,1.89,3,0.33,9,1.0,17,1.89,81,9.0,90.0,182,20.22,1229,137,278,31
Sean Plunkett,Tampa Bay Cannons,9,12,1.33,4,0.44,8,0.89,17,1.89,76,8.44,92.7,187,20.78,912,101,444,49
Andrew Cohen,Tampa Bay Cannons,7,7,1.0,6,0.86,1,0.14,12,1.71,179,25.57,98.9,125,17.86,673,96,897,128
Eric Sjostrom,Tampa Bay Cannons,4,7,1.75,7,1.75,1,0.25,6,1.5,130,32.5,94.9,84,21.0,314,79,1140,285
Logan Diehl,Tampa Bay Cannons,7,5,0.71,0,0.0,5,0.71,9,1.29,12,1.71,92.3,93,13.29,252,36,-8,-1
Cody Coates,Tampa Bay Cannons,4,3,0.75,0,0.0,3,0.75,5,1.25,5,1.25,100.0,39,9.75,208,52,-1,0
Billy O'Bryan,Tampa Bay Cannons,9,19,2.11,17,1.89,8,0.89,11,1.22,242,26.89,89.0,218,24.22,1573,175,1620,180
Tannon Hedges,Tampa Bay Cannons,8,12,1.5,8,1.0,1,0.13,9,1.13,125,15.63,94.0,136,17.0,1113,139,687,86
Adam Vinson,Tampa Bay Cannons,7,12,1.71,0,0.0,2,0.29,7,1.0,54,7.71,90.0,121,17.29,1026,147,91,13
Robert Alongi,Tampa Bay Cannons,4,2,0.5,1,0.25,2,0.5,4,1.0,10,2.5,90.9,39,9.75,95,24,79,20
Stephen Poulos,Tampa Bay Cannons,6,2,0.33,12,2.0,2,0.33,5,0.83,83,13.83,89.2,74,12.33,185,31,1120,187
Michael Arbutine,Tampa Bay Cannons,10,7,0.7,4,0.4,4,0.4,8,0.8,36,3.6,87.8,174,17.4,618,62,222,22
Jacob Clary,Tampa Bay Cannons,10,3,0.3,0,0.0,5,0.5,6,0.6,3,0.3,60.0,88,8.8,173,17,-11,-1
Frank Weng,Tampa Bay Cannons,2,0,0.0,1,0.5,0,0.0,1,0.5,1,0.5,100.0,14,7.0,4,2,14,7
Tre Hodge,Tampa Bay Cannons,2,0,0.0,0,0.0,1,0.5,1,0.5,0,0.0,0.0,20,10.0,0,0,0,0
Anish Indhupuru,Tampa Bay Cannons,2,0,0.0,1,0.5,0,0.0,1,0.5,1,0.5,100.0,24,12.0,-1,-1,3,2
Jorge Delgado,Tampa Bay Cannons,2,0,0.0,0,0.0,1,0.5,1,0.5,0,0.0,0.0,16,8.0,5,3,0,0
Alex Guerrero,Tampa Bay Cannons,6,1,0.17,2,0.33,0,0.0,2,0.33,15,2.5,93.8,85,14.17,86,14,101,17
Matteo Focchi,Tampa Bay Cannons,3,0,0.0,0,0.0,1,0.33,1,0.33,3,1.0,100.0,17,5.67,27,9,14,5
Hector Ordonez,Tampa Bay Cannons,3,0,0.0,1,0.33,1,0.33,1,0.33,5,1.67,83.3,21,7.0,65,22,-10,-3
Tim Lootens,Tampa Bay Cannons,7,2,0.29,0,0.0,2,0.29,1,0.14,9,1.29,75.0,69,9.86,27,4,55,8
Andre Bordelon,Tampa Bay Cannons,2,0,0.0,0,0.0,0,0.0,0,0.0,4,2.0,100.0,17,8.5,34,17,-2,-1
Dean Stupar,Tampa Bay Cannons,1,0,0.0,0,0.0,0,0.0,0,0.0,0,0.0,0.0,9,9.0,0,0,0,0
Clayton Partlow,Tampa Bay Cannons,1,0,0.0,0,0.0,0,0.0,0,0.0,0,0.0,0.0,5,5.0,0,0,0,0
Bradley Seuntjens,Tampa Bay Cannons,5,3,0.6,0,0.0,3,0.6,0,0.0,54,10.8,91.5,88,17.6,670,134,86,17
JC Cox,Tampa Bay Cannons,1,0,0.0,0,0.0,0,0.0,0,0.0,2,2.0,100.0,10,10.0,-6,-6,34,34
Jacob Lane,Tampa Bay Cannons,1,0,0.0,0,0.0,0,0.0,0,0.0,0,0.0,0.0,3,3.0,-4,-4,0,0
BJ Barrett,Tampa Bay Cannons,1,0,0.0,1,1.0,0,0.0,0,0.0,6,6.0,100.0,16,16.0,106,106,2,2
Caleb Posey,Tampa Bay Cannons,1,0,0.0,0,0.0,0,0.0,0,0.0,2,2.0,100.0,13,13.0,11,11,10,10
Javier Yaez,Tampa Bay Cannons,1,0,0.0,1,1.0,0,0.0,0,0.0,27,27.0,96.4,17,17.0,8,8,232,232
Bobby Ley,Tampa Bay Cannons,8,3,0.38,42,5.25,3,0.38,-1,-0.13,399,49.88,89.7,210,26.25,1350,169,2864,358
Tyler Hebert,Tampa Bay Cannons,6,1,0.17,0,0.0,1,0.17,-1,-0.17,28,4.67,93.3,73,12.17,82,14,171,29
Austin Gaines,Tampa Bay Cannons,4,1,0.25,0,0.0,1,0.25,-1,-0.25,16,4.0,88.9,39,9.75,11,3,127,32
Hayden Wachob,Tampa Bay Cannons,2,0,0.0,0,0.0,1,0.5,-1,-0.5,2,1.0,50.0,17,8.5,47,24,-15,-8
Ryan Hiser,Tampa Bay Cannons,3,1,0.33,3,1.0,0,0.0,-2,-0.67,39,13.0,86.7,38,12.67,255,85,355,118
Tony Lopez,Tampa Bay Cannons,4,4,1.0,1,0.25,0,0.0,-3,-0.75,39,9.75,88.6,65,16.25,497,124,68,17
Dustin Travaglini,Tampa Bay Cannons,10,2,0.2,7,0.7,2,0.2,-9,-0.9,101,10.1,83.5,158,15.8,111,11,825,83
Jaime Perez,Tampa Bay Cannons,2,1,0.5,0,0.0,0,0.0,-2,-1.0,15,7.5,88.2,37,18.5,81,41,182,91
David Witte,Tampa Bay Cannons,2,0,0.0,0,0.0,0,0.0,-2,-1.0,5,2.5,83.3,15,7.5,44,22,41,21
Jacob Dummeldinger,Tampa Bay Cannons,2,1,0.5,0,0.0,0,0.0,-3,-1.5,14,7.0,93.3,36,18.0,279,140,42,21
Andrew Sjogren,Detroit Mechanix,9,37,4.11,9,1.0,0,0.0,35,3.89,173,19.22,97.2,204,22.67,3078,342,198,22
Jake Kenniv,Detroit Mechanix,7,17,2.43,7,1.0,4,0.57,20,2.86,88,12.57,91.7,141,20.14,1516,217,317,45
Jack Havey,Detroit Mechanix,9,16,1.78,7,0.78,7,0.78,13,1.44,175,19.44,91.6,177,19.67,1578,175,828,92
Terry Gaither,Detroit Mechanix,3,0,0.0,0,0.0,5,1.67,4,1.33,9,3.0,90.0,32,10.67,98,33,-22,-7
Caleb Stanish,Detroit Mechanix,8,6,0.75,2,0.25,4,0.5,9,1.13,26,3.25,96.3,135,16.88,437,55,58,7
Ashton Hoffman,Detroit Mechanix,5,3,0.6,4,0.8,2,0.4,5,1.0,80,16.0,95.2,62,12.4,279,56,616,123
Bryan Walsh,Detroit Mechanix,9,4,0.44,31,3.44,3,0.33,8,0.89,406,45.11,93.8,214,23.78,901,100,2892,321
Grant Maynard,Detroit Mechanix,8,10,1.25,3,0.38,1,0.13,7,0.88,56,7.0,90.3,136,17.0,757,95,208,26
Tevor Balfour,Detroit Mechanix,6,1,0.17,1,0.17,5,0.83,5,0.83,20,3.33,90.9,79,13.17,223,37,51,9
Rees McDevitt,Detroit Mechanix,7,2,0.29,1,0.14,3,0.43,4,0.57,34,4.86,100.0,63,9.0,64,9,219,31
Michael Ntende,Detroit Mechanix,2,0,0.0,0,0.0,1,0.5,1,0.5,1,0.5,100.0,18,9.0,22,11,-13,-7
Jordan Kinde,Detroit Mechanix,8,4,0.5,11,1.38,2,0.25,4,0.5,100,12.5,89.3,122,15.25,408,51,771,96
Chris Ellis,Detroit Mechanix,2,1,0.5,0,0.0,1,0.5,1,0.5,0,0.0,0.0,12,6.0,40,20,0,0
Tyler Mitchuson,Detroit Mechanix,7,1,0.14,0,0.0,4,0.57,3,0.43,7,1.0,87.5,92,13.14,112,16,34,5
Colin Ringwood,Detroit Mechanix,9,2,0.22,2,0.22,1,0.11,3,0.33,44,4.89,97.8,98,10.89,74,8,288,32
Aaron Schwieterman,Detroit Mechanix,5,4,0.8,3,0.6,0,0.0,1,0.2,55,11.0,94.8,65,13.0,382,76,151,30
Justin Winn,Detroit Mechanix,8,6,0.75,6,0.75,1,0.13,1,0.13,93,11.63,89.4,136,17.0,514,64,671,84
Zachery Turner,Detroit Mechanix,4,1,0.25,0,0.0,2,0.5,0,0.0,9,2.25,81.8,37,9.25,54,14,38,10
Ryan Ntende,Detroit Mechanix,3,0,0.0,0,0.0,0,0.0,0,0.0,3,1.0,100.0,25,8.33,17,6,8,3
Jup Patel,Detroit Mechanix,8,1,0.13,2,0.25,2,0.25,-1,-0.13,28,3.5,90.3,108,13.5,269,34,5,1
Austin Riegel,Detroit Mechanix,8,1,0.13,0,0.0,0,0.0,-1,-0.13,15,1.88,100.0,83,10.38,148,19,1,0
Matt LeMaitre,Detroit Mechanix,7,0,0.0,1,0.14,5,0.71,-1,-0.14,43,6.14,87.8,105,15.0,85,12,173,25
Kevin Anthony,Detroit Mechanix,6,2,0.33,7,1.17,2,0.33,-2,-0.33,97,16.17,88.2,99,16.5,483,81,761,127
Stephen Grondin,Detroit Mechanix,3,0,0.0,0,0.0,0,0.0,-1,-0.33,13,4.33,92.9,34,11.33,47,16,123,41
Ryan Lee,Detroit Mechanix,3,0,0.0,1,0.33,1,0.33,-1,-0.33,12,4.0,80.0,38,12.67,31,10,75,25
Joseph Cubitt,Detroit Mechanix,9,8,0.89,22,2.44,1,0.11,-5,-0.56,405,45.0,92.9,210,23.33,998,111,2572,286
Daniel Viggiani,Detroit Mechanix,1,0,0.0,0,0.0,0,0.0,-1,-1.0,2,2.0,66.7,16,16.0,2,2,10,10
David Innis,Detroit Mechanix,9,2,0.22,9,1.0,4,0.44,-15,-1.67,266,29.56,90.8,182,20.22,-48,-5,1607,179
Sawyer Fil,Detroit Mechanix,7,0,0.0,0,0.0,0,0.0,-15,-2.14,32,4.57,69.6,91,13.0,259,37,157,22
Mike Mackenzie,Toronto Rush,1,6,6.0,5,5.0,1,1.0,12,12.0,22,22.0,100.0,27,27.0,506,506,267,267
Nathan Hirst,Toronto Rush,1,1,1.0,5,5.0,0,0.0,4,4.0,48,48.0,96.0,30,30.0,191,191,467,467
Dan LaFrance,Toronto Rush,1,3,3.0,1,1.0,0,0.0,4,4.0,4,4.0,100.0,15,15.0,187,187,30,30
Cameron Harris,Toronto Rush,1,4,4.0,3,3.0,0,0.0,4,4.0,23,23.0,88.5,27,27.0,185,185,222,222
Wilkie Lewis,Toronto Rush,1,2,2.0,2,2.0,0,0.0,4,4.0,12,12.0,100.0,28,28.0,217,217,83,83
Jonathan Edwards,Toronto Rush,1,1,1.0,0,0.0,2,2.0,3,3.0,1,1.0,100.0,14,14.0,2,2,-8,-8
Andrew Carroll,Toronto Rush,1,2,2.0,4,4.0,0,0.0,3,3.0,23,23.0,92.0,25,25.0,300,300,86,86
Phil Turner,Toronto Rush,1,1,1.0,0,0.0,1,1.0,2,2.0,3,3.0,100.0,21,21.0,52,52,-7,-7
Jason Huynh,Toronto Rush,1,2,2.0,2,2.0,0,0.0,2,2.0,18,18.0,90.0,24,24.0,204,204,131,131
Bryan Yue,Toronto Rush,1,0,0.0,1,1.0,0,0.0,1,1.0,2,2.0,100.0,14,14.0,-42,-42,50,50
James Lewis,Toronto Rush,1,1,1.0,0,0.0,0,0.0,1,1.0,1,1.0,100.0,9,9.0,12,12,2,2
Paul Mensah,Toronto Rush,1,0,0.0,0,0.0,0,0.0,0,0.0,1,1.0,100.0,6,6.0,37,37,-13,-13
Kevin Jay,Toronto Rush,1,0,0.0,0,0.0,0,0.0,0,0.0,2,2.0,100.0,19,19.0,26,26,-15,-15
Luc Comire,Toronto Rush,1,1,1.0,1,1.0,0,0.0,0,0.0,43,43.0,95.6,28,28.0,45,45,436,436
Jason Lam,Toronto Rush,1,0,0.0,0,0.0,3,3.0,0,0.0,11,11.0,78.6,21,21.0,-13,-13,66,66
Kieran Charnock,Toronto Rush,1,0,0.0,0,0.0,0,0.0,0,0.0,0,0.0,0.0,12,12.0,0,0,0,0
Adam O'Donnell,Toronto Rush,1,0,0.0,0,0.0,0,0.0,0,0.0,0,0.0,0.0,6,6.0,0,0,0,0
Jaret Meron,Toronto Rush,1,0,0.0,0,0.0,0,0.0,-1,-1.0,8,8.0,88.9,22,22.0,17,17,178,178
Daniel Wong,Toronto Rush,1,0,0.0,0,0.0,0,0.0,-1,-1.0,0,0.0,0.0,12,12.0,0,0,0,0
Jacky Hau,Toronto Rush,1,0,0.0,0,0.0,0,0.0,-2,-2.0,2,2.0,50.0,15,15.0,46,46,2,2
Kevin Quinlan,Montreal Royal,1,4,4.0,3,3.0,1,1.0,7,7.0,24,24.0,100.0,23,23.0,187,187,261,261
Malik Auger-Semmar,Montreal Royal,1,2,2.0,5,5.0,0,0.0,7,7.0,21,21.0,100.0,27,27.0,472,472,79,79
Sacha Poitte- Sokolsky,Montreal Royal,1,6,6.0,2,2.0,1,1.0,4,4.0,18,18.0,81.8,23,23.0,332,332,181,181
Gabriel Monfette,Montreal Royal,1,1,1.0,4,4.0,1,1.0,4,4.0,17,17.0,89.5,21,21.0,201,201,129,129
Miguel Goderre,Montreal Royal,1,2,2.0,1,1.0,1,1.0,3,3.0,30,30.0,96.8,24,24.0,139,139,132,132
Thomas Duplaix,Montreal Royal,1,0,0.0,1,1.0,1,1.0,1,1.0,7,7.0,87.5,22,22.0,-13,-13,56,56
Jakob Brissette,Montreal Royal,1,1,1.0,1,1.0,0,0.0,1,1.0,30,30.0,96.8,24,24.0,19,19,159,159
Ywan Cohonner,Montreal Royal,1,0,0.0,0,0.0,1,1.0,1,1.0,2,2.0,100.0,17,17.0,9,9,8,8
Christophe Tremblay-Joncas,Montreal Royal,1,0,0.0,0,0.0,1,1.0,1,1.0,8,8.0,100.0,24,24.0,51,51,14,14
Nabil Chaouch,Montreal Royal,1,1,1.0,0,0.0,1,1.0,1,1.0,3,3.0,75.0,24,24.0,71,71,-5,-5
Vincent Gamache,Montreal Royal,1,0,0.0,0,0.0,0,0.0,0,0.0,0,0.0,0.0,5,5.0,0,0,0,0
Julien Snchal,Montreal Royal,1,0,0.0,0,0.0,0,0.0,0,0.0,1,1.0,100.0,5,5.0,8,8,8,8
Vincent Genest,Montreal Royal,1,0,0.0,0,0.0,0,0.0,0,0.0,0,0.0,0.0,3,3.0,0,0,0,0
Thomas Lalonde-Landry,Montreal Royal,1,0,0.0,0,0.0,0,0.0,0,0.0,2,2.0,100.0,8,8.0,14,14,13,13
Samuel Bisson,Montreal Royal,1,0,0.0,0,0.0,0,0.0,0,0.0,0,0.0,0.0,9,9.0,0,0,0,0
Basile Limoges,Montreal Royal,1,1,1.0,0,0.0,0,0.0,0,0.0,3,3.0,75.0,5,5.0,12,12,43,43
Simon Charette,Montreal Royal,1,0,0.0,0,0.0,0,0.0,-1,-1.0,2,2.0,66.7,18,18.0,39,39,9,9
Antoine Rousseau,Montreal Royal,1,0,0.0,0,0.0,0,0.0,-2,-2.0,6,6.0,75.0,17,17.0,42,42,29,29
Eliott Heloir,Montreal Royal,1,0,0.0,0,0.0,0,0.0,-3,-3.0,10,10.0,76.9,20,20.0,-2,-2,85,85
Vincent Lemieux,Montreal Royal,1,1,1.0,2,2.0,0,0.0,-3,-3.0,41,41.0,87.2,24,24.0,69,69,447,447
